-- phpMyAdmin SQL Dump
-- version 4.9.5
-- https://www.phpmyadmin.net/
--
-- Host: localhost:3306
-- Generation Time: Jul 07, 2020 at 04:32 PM
-- Server version: 10.3.23-MariaDB
-- PHP Version: 7.3.6

SET SQL_MODE = "NO_AUTO_VALUE_ON_ZERO";
SET AUTOCOMMIT = 0;
START TRANSACTION;
SET time_zone = "+00:00";


/*!40101 SET @OLD_CHARACTER_SET_CLIENT=@@CHARACTER_SET_CLIENT */;
/*!40101 SET @OLD_CHARACTER_SET_RESULTS=@@CHARACTER_SET_RESULTS */;
/*!40101 SET @OLD_COLLATION_CONNECTION=@@COLLATION_CONNECTION */;
/*!40101 SET NAMES utf8mb4 */;

--
-- Database: `mdscombd_somitty`
--

-- --------------------------------------------------------

--
-- Table structure for table `advisors`
--

CREATE TABLE `advisors` (
  `id` bigint(20) UNSIGNED NOT NULL,
  `member_id` bigint(20) NOT NULL,
  `post` varchar(191) COLLATE utf8mb4_unicode_ci NOT NULL,
  `name` varchar(191) COLLATE utf8mb4_unicode_ci NOT NULL,
  `from` date NOT NULL,
  `to` date NOT NULL,
  `motivation` text COLLATE utf8mb4_unicode_ci NOT NULL,
  `created_at` timestamp NULL DEFAULT NULL,
  `updated_at` timestamp NULL DEFAULT NULL
) ENGINE=InnoDB DEFAULT CHARSET=utf8mb4 COLLATE=utf8mb4_unicode_ci;

--
-- Dumping data for table `advisors`
--

INSERT INTO `advisors` (`id`, `member_id`, `post`, `name`, `from`, `to`, `motivation`, `created_at`, `updated_at`) VALUES
(1, 32, 'Chief Advisor', 'Md Abdul Matin', '2019-04-01', '2024-03-31', '01712200097', '2020-07-03 23:45:14', '2020-07-03 23:45:14'),
(2, 4, 'Advisor', 'Md Nur Alam', '2019-04-01', '2024-03-31', '01875864985', '2020-07-04 07:23:05', '2020-07-04 07:23:05'),
(3, 14, 'Advisor', 'Abdul Hamid', '2019-04-01', '2024-03-31', '01829810262', '2020-07-04 07:24:13', '2020-07-04 07:24:13');

-- --------------------------------------------------------

--
-- Table structure for table `bank_balances`
--

CREATE TABLE `bank_balances` (
  `id` bigint(20) UNSIGNED NOT NULL,
  `total_amount` int(11) NOT NULL,
  `created_at` timestamp NULL DEFAULT NULL,
  `updated_at` timestamp NULL DEFAULT NULL
) ENGINE=InnoDB DEFAULT CHARSET=utf8mb4 COLLATE=utf8mb4_unicode_ci;

--
-- Dumping data for table `bank_balances`
--

INSERT INTO `bank_balances` (`id`, `total_amount`, `created_at`, `updated_at`) VALUES
(1, 109200, NULL, '2020-07-06 00:20:05');

-- --------------------------------------------------------

--
-- Table structure for table `cash_ins`
--

CREATE TABLE `cash_ins` (
  `id` bigint(20) UNSIGNED NOT NULL,
  `member_id` bigint(20) UNSIGNED NOT NULL,
  `date` date NOT NULL,
  `premium` int(11) NOT NULL,
  `admistration` int(11) DEFAULT NULL,
  `fine` int(11) DEFAULT NULL,
  `profit` int(11) DEFAULT NULL,
  `comments` varchar(191) COLLATE utf8mb4_unicode_ci DEFAULT NULL,
  `total_credit` int(11) NOT NULL,
  `comment` varchar(191) COLLATE utf8mb4_unicode_ci DEFAULT NULL,
  `created_at` timestamp NULL DEFAULT NULL,
  `updated_at` timestamp NULL DEFAULT NULL,
  `source` varchar(191) COLLATE utf8mb4_unicode_ci DEFAULT NULL
) ENGINE=InnoDB DEFAULT CHARSET=utf8mb4 COLLATE=utf8mb4_unicode_ci;

--
-- Dumping data for table `cash_ins`
--

INSERT INTO `cash_ins` (`id`, `member_id`, `date`, `premium`, `admistration`, `fine`, `profit`, `comments`, `total_credit`, `comment`, `created_at`, `updated_at`, `source`) VALUES
(1, 1, '2019-04-01', 1000, 550, 0, 0, NULL, 1550, NULL, '2019-07-31 12:55:13', '2019-07-31 12:55:13', NULL),
(2, 2, '2019-04-01', 1000, 550, 0, 0, NULL, 1550, NULL, '2019-08-03 01:52:43', '2019-08-03 01:52:43', NULL),
(3, 3, '2019-04-01', 1000, 550, 0, 0, NULL, 1550, NULL, '2019-08-03 01:53:17', '2019-08-03 01:53:17', NULL),
(4, 4, '2019-04-01', 1000, 550, 0, 0, NULL, 1550, NULL, '2019-08-03 01:53:51', '2019-08-03 01:53:51', NULL),
(5, 5, '2019-04-01', 1000, 550, NULL, NULL, NULL, 1550, NULL, '2019-08-03 01:54:16', '2019-08-03 01:54:16', NULL),
(6, 6, '2019-04-01', 1000, 550, NULL, NULL, NULL, 1550, NULL, '2019-08-03 01:54:37', '2019-08-03 01:54:37', NULL),
(7, 7, '2019-04-01', 1000, 550, NULL, NULL, NULL, 1550, NULL, '2019-08-03 01:54:58', '2019-08-03 01:54:58', NULL),
(8, 8, '2019-04-01', 1000, 550, NULL, NULL, NULL, 1550, NULL, '2019-08-03 01:55:22', '2019-08-03 01:55:22', NULL),
(9, 9, '2019-04-01', 1000, 550, NULL, NULL, NULL, 1550, NULL, '2019-08-03 01:55:50', '2019-08-03 01:55:50', NULL),
(10, 10, '2019-04-01', 1000, 550, NULL, NULL, NULL, 1550, NULL, '2019-08-03 01:56:14', '2019-08-03 01:56:14', NULL),
(11, 11, '2019-04-01', 1000, 550, NULL, NULL, NULL, 1550, NULL, '2019-08-03 01:56:36', '2019-08-03 01:56:36', NULL),
(12, 12, '2019-04-01', 1000, 550, NULL, NULL, NULL, 1550, NULL, '2019-08-03 01:57:03', '2019-08-03 01:57:03', NULL),
(13, 13, '2019-04-01', 1000, 550, NULL, NULL, NULL, 1550, NULL, '2019-08-03 01:57:25', '2019-08-03 01:57:25', NULL),
(14, 14, '2019-04-01', 1000, 550, NULL, NULL, NULL, 1550, NULL, '2019-08-03 01:57:43', '2019-08-03 01:57:43', NULL),
(15, 15, '2019-04-01', 1000, 550, NULL, NULL, NULL, 1550, NULL, '2019-08-03 01:58:10', '2019-08-03 01:58:10', NULL),
(16, 16, '2019-04-01', 1000, 550, NULL, NULL, NULL, 1550, NULL, '2019-08-03 01:58:33', '2019-08-03 01:58:33', NULL),
(17, 17, '2019-04-01', 1000, 550, NULL, NULL, NULL, 1550, NULL, '2019-08-03 01:58:58', '2019-08-03 01:58:58', NULL),
(18, 18, '2019-04-01', 1000, 550, NULL, NULL, NULL, 1550, NULL, '2019-08-03 01:59:25', '2019-08-03 01:59:25', NULL),
(19, 19, '2019-04-01', 1000, 550, NULL, NULL, NULL, 1550, NULL, '2019-08-03 01:59:47', '2019-08-03 01:59:47', NULL),
(20, 20, '2019-04-01', 1000, 550, NULL, NULL, NULL, 1550, NULL, '2019-08-03 02:00:10', '2019-08-03 02:00:10', NULL),
(21, 21, '2019-04-01', 1000, 550, NULL, NULL, NULL, 1550, NULL, '2019-08-03 02:00:29', '2019-08-03 02:00:29', NULL),
(22, 22, '2019-04-01', 1000, 550, NULL, NULL, NULL, 1550, NULL, '2019-08-03 02:00:48', '2019-08-03 02:00:48', NULL),
(23, 23, '2019-04-01', 1000, 550, NULL, NULL, NULL, 1550, NULL, '2019-08-03 02:01:08', '2019-08-03 02:01:08', NULL),
(24, 24, '2019-04-01', 1000, 550, NULL, NULL, NULL, 1550, NULL, '2019-08-03 02:01:27', '2019-08-03 02:01:27', NULL),
(25, 25, '2019-04-01', 1000, 550, NULL, NULL, NULL, 1550, NULL, '2019-08-03 02:01:45', '2019-08-03 02:01:45', NULL),
(26, 26, '2019-04-01', 1000, 550, NULL, NULL, NULL, 1550, NULL, '2019-08-03 02:02:24', '2019-08-03 02:02:24', NULL),
(27, 27, '2019-04-01', 1000, 550, NULL, NULL, NULL, 1550, NULL, '2019-08-03 02:02:40', '2019-08-03 02:02:40', NULL),
(28, 28, '2019-04-01', 1000, 550, NULL, NULL, NULL, 1550, NULL, '2019-08-03 02:02:59', '2019-08-03 02:02:59', NULL),
(29, 29, '2019-04-01', 1000, 550, NULL, NULL, NULL, 1550, NULL, '2019-08-03 02:03:19', '2019-08-03 02:03:19', NULL),
(30, 19, '2019-04-01', 1000, 50, NULL, NULL, 'may 2019', 1050, NULL, '2019-08-03 02:10:08', '2019-08-03 02:10:08', NULL),
(31, 20, '2019-04-01', 1000, 50, NULL, NULL, 'may 2019', 1050, NULL, '2019-08-03 02:10:39', '2019-08-03 02:10:39', NULL),
(32, 17, '2019-04-01', 1000, 50, NULL, NULL, 'may 2019', 1050, NULL, '2019-08-03 02:10:59', '2019-08-03 02:10:59', NULL),
(33, 1, '2019-05-02', 1000, 50, NULL, NULL, NULL, 1050, NULL, '2019-08-08 22:40:16', '2019-08-08 22:40:16', NULL),
(34, 2, '2019-05-02', 1000, 50, NULL, NULL, NULL, 1050, NULL, '2019-08-08 22:41:22', '2019-08-08 22:41:22', NULL),
(35, 4, '2019-05-13', 1000, 50, NULL, NULL, NULL, 1050, NULL, '2019-08-08 22:42:30', '2019-08-08 22:42:30', NULL),
(36, 5, '2019-05-12', 1000, 50, NULL, NULL, NULL, 1050, NULL, '2019-08-08 22:44:05', '2019-08-08 22:44:05', NULL),
(37, 6, '2019-05-14', 1000, 50, NULL, NULL, NULL, 1050, NULL, '2019-08-08 22:45:19', '2019-08-08 22:45:19', NULL),
(38, 7, '2019-05-12', 1000, 50, NULL, NULL, NULL, 1050, NULL, '2019-08-08 22:45:57', '2019-08-08 22:45:57', NULL),
(39, 9, '2019-05-13', 1000, 50, NULL, NULL, NULL, 1050, NULL, '2019-08-08 22:46:47', '2019-08-08 22:46:47', NULL),
(40, 10, '2019-05-13', 1000, 50, NULL, NULL, NULL, 1050, NULL, '2019-08-08 22:47:27', '2019-08-08 22:47:27', NULL),
(41, 11, '2019-05-08', 1000, 50, NULL, NULL, NULL, 1050, NULL, '2019-08-08 22:48:01', '2019-08-08 22:48:01', NULL),
(42, 12, '2019-05-13', 1000, 50, NULL, NULL, NULL, 1050, NULL, '2019-08-08 22:48:37', '2019-08-08 22:48:37', NULL),
(43, 13, '2019-05-14', 1000, 50, NULL, NULL, NULL, 1050, NULL, '2019-08-08 22:49:08', '2019-08-08 22:49:08', NULL),
(44, 14, '2019-05-12', 1000, 50, NULL, NULL, NULL, 1050, NULL, '2019-08-08 22:49:54', '2019-08-08 22:49:54', NULL),
(45, 15, '2019-05-02', 1000, 50, NULL, NULL, NULL, 1050, NULL, '2019-08-08 22:50:31', '2019-08-08 22:50:31', NULL),
(46, 16, '2019-05-02', 1000, 50, NULL, NULL, NULL, 1050, NULL, '2019-08-08 22:51:46', '2019-08-08 22:51:46', NULL),
(47, 18, '2019-05-12', 1000, 50, NULL, NULL, NULL, 1050, NULL, '2019-08-08 22:52:29', '2019-08-08 22:52:29', NULL),
(48, 21, '2019-05-12', 1000, 50, NULL, NULL, NULL, 1050, NULL, '2019-08-08 22:53:29', '2019-08-08 22:53:29', NULL),
(49, 22, '2019-05-12', 1000, 50, NULL, NULL, NULL, 1050, NULL, '2019-08-08 22:54:16', '2019-08-08 22:54:16', NULL),
(50, 23, '2019-05-12', 1000, 50, NULL, NULL, NULL, 1050, NULL, '2019-08-08 22:54:51', '2019-08-08 22:54:51', NULL),
(51, 24, '2019-05-15', 1000, 50, NULL, NULL, NULL, 1050, NULL, '2019-08-08 22:55:21', '2019-08-08 22:55:21', NULL),
(52, 25, '2019-05-14', 1000, 50, NULL, NULL, NULL, 1050, NULL, '2019-08-08 22:56:10', '2019-08-08 22:56:10', NULL),
(53, 26, '2019-05-12', 1000, 50, NULL, NULL, NULL, 1050, NULL, '2019-08-08 22:56:40', '2019-08-08 22:56:40', NULL),
(54, 27, '2019-05-07', 1000, 50, NULL, NULL, NULL, 1050, NULL, '2019-08-08 22:57:23', '2019-08-08 22:57:23', NULL),
(55, 28, '2019-05-13', 2000, 100, NULL, NULL, 'May and June', 2100, NULL, '2019-08-08 22:58:08', '2020-07-06 00:02:10', NULL),
(56, 29, '2019-05-13', 3000, 150, NULL, NULL, NULL, 3150, NULL, '2019-08-08 22:59:09', '2019-08-08 22:59:09', NULL),
(57, 13, '2019-05-30', 1000, 50, NULL, NULL, NULL, 1050, NULL, '2019-08-08 22:59:43', '2019-08-08 22:59:43', NULL),
(58, 1, '2019-06-06', 1000, 50, NULL, NULL, NULL, 1050, NULL, '2019-08-08 23:06:47', '2019-08-08 23:06:47', NULL),
(59, 3, '2019-06-06', 2000, 100, 100, NULL, NULL, 2200, NULL, '2019-08-08 23:07:25', '2019-08-08 23:07:25', NULL),
(60, 4, '2019-06-10', 1000, 50, NULL, NULL, NULL, 1050, NULL, '2019-08-08 23:07:50', '2019-08-08 23:07:50', NULL),
(61, 5, '2019-06-06', 1000, 50, NULL, NULL, NULL, 1050, NULL, '2019-08-08 23:08:25', '2019-08-08 23:08:25', NULL),
(62, 6, '2019-06-06', 1000, 50, NULL, NULL, NULL, 1050, NULL, '2019-08-08 23:10:15', '2019-08-08 23:10:15', NULL),
(63, 7, '2019-06-12', 2000, 100, NULL, NULL, NULL, 2100, NULL, '2019-08-08 23:11:01', '2019-08-08 23:11:01', NULL),
(64, 9, '2019-06-10', 1000, 50, NULL, NULL, NULL, 1050, NULL, '2019-08-08 23:11:29', '2019-08-08 23:11:29', NULL),
(65, 10, '2019-06-10', 1000, 50, NULL, NULL, NULL, 1050, NULL, '2019-08-08 23:11:50', '2019-08-08 23:11:50', NULL),
(66, 11, '2019-06-06', 1000, 50, NULL, NULL, NULL, 1050, NULL, '2019-08-08 23:12:24', '2019-08-08 23:12:24', NULL),
(67, 12, '2019-06-06', 1000, 50, NULL, NULL, NULL, 1050, NULL, '2019-08-08 23:13:00', '2019-08-08 23:13:00', NULL),
(68, 14, '2019-06-01', 1000, 50, NULL, NULL, NULL, 1050, NULL, '2019-08-08 23:13:30', '2019-08-08 23:13:30', NULL),
(69, 15, '2019-06-03', 1500, 50, NULL, NULL, NULL, 1550, NULL, '2019-08-08 23:14:19', '2019-08-08 23:14:19', NULL),
(70, 16, '2019-06-09', 1000, 50, NULL, NULL, NULL, 1050, NULL, '2019-08-08 23:14:59', '2019-08-08 23:14:59', NULL),
(71, 17, '2019-06-23', 6000, 150, 100, NULL, NULL, 6250, NULL, '2019-08-08 23:16:11', '2019-08-08 23:16:11', NULL),
(72, 18, '2019-06-10', 1000, 50, NULL, NULL, NULL, 1050, NULL, '2019-08-08 23:16:52', '2019-08-08 23:16:52', NULL),
(73, 19, '2019-06-06', 1000, 50, NULL, NULL, NULL, 1050, NULL, '2019-08-08 23:17:29', '2019-08-08 23:17:29', NULL),
(74, 20, '2019-06-23', 6000, 150, 100, NULL, NULL, 6250, NULL, '2019-08-08 23:18:26', '2019-08-08 23:18:26', NULL),
(75, 21, '2019-06-05', 1000, 50, NULL, NULL, NULL, 1050, NULL, '2019-08-08 23:19:03', '2019-08-08 23:19:03', NULL),
(76, 22, '2019-06-06', 1000, 50, NULL, NULL, NULL, 1050, NULL, '2019-08-08 23:19:32', '2019-08-08 23:19:32', NULL),
(77, 23, '2019-06-01', 1000, 50, NULL, NULL, NULL, 1050, NULL, '2019-08-08 23:20:20', '2019-08-08 23:20:20', NULL),
(78, 24, '2019-06-13', 1000, 50, NULL, NULL, NULL, 1050, NULL, '2019-08-08 23:20:49', '2019-08-08 23:20:49', NULL),
(79, 25, '2019-06-06', 1000, 50, NULL, NULL, NULL, 1050, NULL, '2019-08-08 23:21:13', '2019-08-08 23:21:13', NULL),
(80, 26, '2019-06-13', 1000, 50, NULL, NULL, NULL, 1050, NULL, '2019-08-08 23:21:58', '2019-08-08 23:21:58', NULL),
(81, 27, '2019-06-02', 1000, 50, NULL, NULL, NULL, 1050, NULL, '2019-08-08 23:22:23', '2019-08-08 23:22:23', NULL),
(82, 28, '2019-06-15', 2000, 100, NULL, NULL, 'July and August', 2100, NULL, '2019-08-08 23:23:11', '2020-07-06 00:03:32', NULL),
(83, 30, '2019-06-06', 3000, 650, NULL, NULL, NULL, 3650, NULL, '2019-08-08 23:23:59', '2019-08-08 23:23:59', NULL),
(84, 31, '2019-06-06', 3000, 650, NULL, NULL, NULL, 3650, NULL, '2019-08-08 23:24:53', '2019-08-08 23:24:53', NULL),
(85, 26, '2019-07-04', 1000, 50, NULL, NULL, NULL, 1050, NULL, '2019-08-23 11:12:13', '2019-08-23 11:12:13', NULL),
(86, 13, '2019-07-04', 1000, 50, NULL, NULL, NULL, 1050, NULL, '2019-08-23 11:13:12', '2019-08-23 11:13:12', NULL),
(87, 4, '2019-07-07', 1000, 50, NULL, NULL, NULL, 1050, NULL, '2019-08-23 11:14:02', '2019-08-23 11:14:02', NULL),
(88, 9, '2019-07-07', 1000, 50, NULL, NULL, NULL, 1050, NULL, '2019-08-23 11:14:43', '2019-08-23 11:14:43', NULL),
(89, 10, '2019-07-07', 1000, 50, NULL, NULL, NULL, 1050, NULL, '2019-08-23 11:15:13', '2019-08-23 11:15:13', NULL),
(90, 31, '2019-07-08', 1000, 50, NULL, NULL, NULL, 1050, NULL, '2019-08-23 11:15:56', '2019-08-23 11:15:56', NULL),
(91, 15, '2019-07-09', 2000, 100, NULL, NULL, 'Adv- August', 2100, NULL, '2019-08-23 11:17:33', '2019-08-23 11:17:33', NULL),
(92, 11, '2019-07-10', 1000, 50, NULL, NULL, NULL, 1050, NULL, '2019-08-23 11:18:16', '2019-08-23 11:18:16', NULL),
(93, 1, '2019-07-14', 1000, 50, NULL, NULL, NULL, 1050, NULL, '2019-08-23 11:18:57', '2019-08-23 11:18:57', NULL),
(94, 8, '2019-07-14', 3000, 150, 100, NULL, 'May, Jun, July', 3250, NULL, '2019-08-23 11:20:50', '2019-08-23 11:20:50', NULL),
(95, 12, '2019-07-14', 1000, 50, NULL, NULL, NULL, 1050, NULL, '2019-08-23 11:21:36', '2019-08-23 11:21:36', NULL),
(96, 27, '2019-07-14', 1000, 50, NULL, NULL, NULL, 1050, NULL, '2019-08-23 11:22:21', '2019-08-23 11:22:21', NULL),
(97, 2, '2019-07-15', 2000, 100, 100, NULL, 'Jun, July', 2200, NULL, '2019-08-23 11:23:07', '2019-08-23 11:23:07', NULL),
(98, 3, '2019-07-15', 1000, 50, NULL, NULL, NULL, 1050, NULL, '2019-08-23 11:23:43', '2019-08-23 11:23:43', NULL),
(99, 5, '2019-07-15', 1000, 50, NULL, NULL, NULL, 1050, NULL, '2019-08-23 11:24:13', '2019-08-23 11:24:13', NULL),
(100, 14, '2019-07-15', 1000, 50, NULL, NULL, NULL, 1050, NULL, '2019-08-23 11:25:15', '2019-08-23 11:25:15', NULL),
(101, 16, '2019-07-15', 1000, 50, NULL, NULL, NULL, 1050, NULL, '2019-08-23 11:25:48', '2019-08-23 11:25:48', NULL),
(102, 18, '2019-07-15', 1000, 50, NULL, NULL, NULL, 1050, NULL, '2019-08-23 11:26:27', '2019-08-23 11:26:27', NULL),
(103, 21, '2019-07-15', 1000, 50, NULL, NULL, NULL, 1050, NULL, '2019-08-23 11:27:32', '2019-08-23 11:27:32', NULL),
(104, 22, '2019-07-15', 1000, 50, NULL, NULL, NULL, 1050, NULL, '2019-08-23 11:28:26', '2019-08-23 11:28:26', NULL),
(105, 23, '2019-07-15', 1000, 50, NULL, NULL, NULL, 1050, NULL, '2019-08-23 11:29:03', '2019-08-23 11:29:03', NULL),
(106, 24, '2019-07-15', 1000, 50, NULL, NULL, NULL, 1050, NULL, '2019-08-23 11:29:35', '2019-08-23 11:29:35', NULL),
(107, 25, '2019-07-15', 1000, 50, NULL, NULL, NULL, 1050, NULL, '2019-08-23 11:30:10', '2019-08-23 11:30:10', NULL),
(108, 30, '2019-07-14', 1000, 50, NULL, NULL, NULL, 1050, NULL, '2019-08-23 11:30:53', '2019-08-23 11:30:53', NULL),
(109, 19, '2019-07-21', 2000, 100, 100, NULL, NULL, 2200, NULL, '2019-08-23 11:31:57', '2019-08-23 11:31:57', NULL),
(110, 11, '2019-08-04', 1000, 50, NULL, NULL, NULL, 1050, NULL, '2019-09-02 01:52:58', '2019-09-02 01:52:58', NULL),
(111, 3, '2019-08-07', 1000, 50, NULL, NULL, NULL, 1050, NULL, '2019-09-02 01:53:58', '2019-09-02 01:53:58', NULL),
(112, 27, '2019-08-08', 1000, 50, NULL, NULL, NULL, 1050, NULL, '2019-09-02 01:54:30', '2019-09-02 01:54:30', NULL),
(113, 26, '2019-08-08', 1000, 50, NULL, NULL, NULL, 1050, NULL, '2019-09-02 01:55:24', '2019-09-02 01:55:24', NULL),
(114, 1, '2019-08-08', 1000, 50, NULL, NULL, NULL, 1050, NULL, '2019-09-02 01:55:46', '2019-09-02 01:55:46', NULL),
(115, 31, '2019-08-08', 1000, 50, NULL, NULL, NULL, 1050, NULL, '2019-09-02 01:56:09', '2019-09-02 01:56:09', NULL),
(116, 13, '2019-08-08', 1000, 50, NULL, NULL, NULL, 1050, NULL, '2019-09-02 01:56:35', '2019-09-02 01:56:35', NULL),
(117, 4, '2019-08-14', 1000, 50, NULL, NULL, NULL, 1050, NULL, '2019-09-02 01:57:15', '2019-09-02 01:57:15', NULL),
(118, 10, '2019-08-14', 1000, 50, NULL, NULL, NULL, 1050, NULL, '2019-09-02 01:57:36', '2019-09-02 01:57:36', NULL),
(119, 9, '2019-08-14', 1000, 50, NULL, NULL, NULL, 1050, NULL, '2019-09-02 01:57:57', '2019-09-02 01:57:57', NULL),
(120, 2, '2019-08-20', 1000, 50, NULL, NULL, NULL, 1050, NULL, '2019-09-02 01:58:22', '2019-09-02 01:58:22', NULL),
(121, 28, '2019-08-20', 1000, 50, NULL, NULL, NULL, 1050, NULL, '2019-09-02 01:59:03', '2019-09-02 01:59:03', NULL),
(122, 7, '2019-08-29', 1000, 50, NULL, NULL, NULL, 1050, NULL, '2019-09-02 01:59:28', '2019-09-02 01:59:28', NULL),
(123, 30, '2019-08-26', 1000, 50, NULL, NULL, NULL, 1050, NULL, '2019-09-02 01:59:59', '2019-09-02 01:59:59', NULL),
(124, 22, '2019-08-29', 1000, 50, NULL, NULL, NULL, 1050, NULL, '2019-09-02 02:00:28', '2019-09-02 02:00:28', NULL),
(125, 14, '2019-08-29', 1000, 50, NULL, NULL, NULL, 1050, NULL, '2019-09-02 02:01:05', '2019-09-02 02:01:05', NULL),
(126, 25, '2019-08-29', 1000, 50, NULL, NULL, NULL, 1050, NULL, '2019-09-02 02:01:33', '2019-09-02 02:01:33', NULL),
(127, 23, '2019-08-29', 1000, 50, NULL, NULL, NULL, 1050, NULL, '2019-09-02 02:01:55', '2019-09-02 02:01:55', NULL),
(128, 18, '2019-08-29', 1000, 50, NULL, NULL, NULL, 1050, NULL, '2019-09-02 02:02:17', '2019-09-02 02:02:17', NULL),
(129, 21, '2019-08-29', 1000, 50, NULL, NULL, NULL, 1050, NULL, '2019-09-02 02:02:37', '2019-09-02 02:02:37', NULL),
(130, 1, '2019-09-01', 1000, 50, NULL, NULL, NULL, 1050, NULL, '2019-09-02 02:12:17', '2019-09-02 02:12:17', NULL),
(131, 12, '2019-09-01', 2000, 100, NULL, NULL, 'Aug and SEP 2019', 2100, NULL, '2019-09-02 02:13:23', '2019-09-02 02:13:23', NULL),
(132, 15, '2019-09-02', 2000, 100, NULL, NULL, 'Sep and Oct 2019', 2100, NULL, '2019-09-04 04:21:55', '2019-09-04 04:21:55', NULL),
(133, 11, '2019-09-04', 1000, 50, NULL, NULL, NULL, 1050, NULL, '2019-09-04 13:07:02', '2019-09-04 13:07:02', NULL),
(134, 13, '2019-09-09', 1000, 50, NULL, NULL, NULL, 1050, NULL, '2019-09-09 10:56:41', '2019-09-09 10:56:41', NULL),
(135, 24, '2019-09-11', 2000, 100, NULL, NULL, 'Aug and Sep 19', 2100, NULL, '2019-09-12 15:09:42', '2019-09-12 15:09:42', NULL),
(136, 28, '2019-09-11', 2000, 100, NULL, NULL, 'October and November', 2100, NULL, '2019-09-12 15:10:58', '2020-07-06 00:20:05', NULL),
(137, 27, '2019-09-11', 1000, 50, NULL, NULL, NULL, 1050, NULL, '2019-09-12 15:11:36', '2019-09-12 15:11:36', NULL),
(138, 30, '2019-09-11', 1000, 50, NULL, NULL, NULL, 1050, NULL, '2019-09-12 15:12:02', '2019-09-12 15:12:02', NULL),
(139, 3, '2019-09-12', 1000, 50, NULL, NULL, NULL, 1050, NULL, '2019-09-12 16:29:27', '2019-09-12 16:29:27', NULL),
(140, 16, '2019-09-15', 2000, 100, NULL, NULL, 'Aug and Sep 19', 2100, NULL, '2019-09-18 14:23:47', '2019-09-18 14:23:47', NULL),
(141, 26, '2019-09-15', 1000, 50, NULL, NULL, NULL, 1050, NULL, '2019-09-18 14:24:22', '2019-09-18 14:24:22', NULL),
(142, 14, '2019-09-15', 1000, 50, NULL, NULL, NULL, 1050, NULL, '2019-09-18 14:24:52', '2019-09-18 14:24:52', NULL),
(143, 31, '2019-09-15', 1000, 50, NULL, NULL, NULL, 1050, NULL, '2019-09-18 14:25:21', '2019-09-18 14:25:21', NULL),
(144, 29, '2019-09-15', 2000, 100, NULL, NULL, 'Aug and Sep 19', 2100, NULL, '2019-09-18 14:25:53', '2019-09-18 14:25:53', NULL),
(145, 2, '2019-09-15', 1000, 50, NULL, NULL, NULL, 1050, NULL, '2019-09-18 14:26:12', '2019-09-18 14:26:12', NULL),
(146, 25, '2019-09-15', 1000, 50, NULL, NULL, NULL, 1050, NULL, '2019-09-18 14:26:35', '2019-09-18 14:26:35', NULL),
(147, 6, '2019-09-15', 1000, 50, NULL, NULL, 'July (Fine Arriar)', 1050, NULL, '2019-09-18 14:27:35', '2019-09-18 14:27:35', NULL),
(148, 22, '2019-09-15', 1000, 50, NULL, NULL, NULL, 1050, NULL, '2019-09-18 14:28:03', '2019-09-18 14:28:03', NULL),
(149, 18, '2019-09-15', 1000, 50, NULL, NULL, NULL, 1050, NULL, '2019-09-18 14:28:35', '2019-09-18 14:28:35', NULL),
(150, 21, '2019-09-15', 1000, 50, NULL, NULL, NULL, 1050, NULL, '2019-09-18 14:29:09', '2019-09-18 14:29:09', NULL),
(151, 23, '2019-09-15', 1000, 50, NULL, NULL, NULL, 1050, NULL, '2019-09-18 14:29:32', '2019-09-18 14:29:32', NULL),
(152, 5, '2019-09-15', 1000, 50, NULL, NULL, 'August 2019', 1050, NULL, '2019-09-18 14:30:08', '2019-09-18 14:30:08', NULL),
(153, 19, '2019-09-15', 2000, 100, NULL, NULL, 'Sep And Oct 19', 2100, NULL, '2019-09-18 14:31:14', '2019-09-18 14:31:14', NULL),
(154, 4, '2019-09-15', 1000, 50, NULL, NULL, NULL, 1050, NULL, '2019-09-18 14:31:33', '2019-09-18 14:31:33', NULL),
(155, 9, '2019-09-15', 1000, 50, NULL, NULL, NULL, 1050, NULL, '2019-09-18 14:31:58', '2019-09-18 14:31:58', NULL),
(156, 10, '2019-09-15', 1000, 50, NULL, NULL, NULL, 1050, NULL, '2019-09-18 14:32:16', '2019-09-18 14:32:16', NULL),
(157, 7, '2019-09-15', 1000, 50, NULL, NULL, NULL, 1050, NULL, '2019-09-18 14:32:43', '2019-09-18 14:32:43', NULL),
(158, 32, '2019-09-15', 6000, 800, NULL, NULL, 'April To Sep (New)', 6800, NULL, '2019-09-18 14:38:38', '2019-09-18 14:38:38', NULL),
(159, 11, '2019-10-01', 1000, 50, NULL, NULL, NULL, 1050, NULL, '2019-10-05 14:30:06', '2019-10-05 14:30:06', NULL),
(160, 1, '2019-10-06', 1000, 50, NULL, NULL, NULL, 1050, NULL, '2019-10-06 11:52:54', '2019-10-06 11:52:54', NULL),
(161, 4, '2019-10-06', 1000, 50, NULL, NULL, NULL, 1050, NULL, '2019-10-06 11:53:10', '2019-10-06 11:53:10', NULL),
(162, 9, '2019-10-06', 1000, 50, NULL, NULL, NULL, 1050, NULL, '2019-10-06 11:53:33', '2019-10-06 11:53:33', NULL),
(163, 10, '2019-10-06', 1000, 50, NULL, NULL, NULL, 1050, NULL, '2019-10-06 11:53:53', '2019-10-06 11:53:53', NULL),
(166, 27, '2019-10-06', 1000, 50, NULL, NULL, NULL, 1050, NULL, '2019-10-06 14:38:46', '2020-07-06 00:11:32', NULL),
(167, 30, '2019-10-06', 1000, 50, NULL, NULL, NULL, 1050, NULL, '2019-10-06 14:39:31', '2019-10-06 14:39:31', NULL),
(168, 8, '2019-10-06', 3000, 150, 200, NULL, NULL, 3350, NULL, '2019-10-06 14:40:10', '2019-10-06 14:40:10', NULL),
(169, 13, '2019-10-10', 1000, 50, NULL, NULL, NULL, 1050, NULL, '2019-10-10 13:27:56', '2019-10-10 13:27:56', NULL),
(170, 13, '2019-10-10', 1000, 50, NULL, NULL, 'November 2019', 1050, NULL, '2019-10-10 13:28:39', '2019-10-10 13:28:39', NULL),
(171, 13, '2019-10-10', 1000, 50, NULL, NULL, 'December 2019', 1050, NULL, '2019-10-10 13:29:09', '2019-10-10 13:29:09', NULL),
(172, 31, '2019-10-10', 1000, 50, NULL, NULL, NULL, 1050, NULL, '2019-10-10 15:35:09', '2019-10-10 15:35:09', NULL),
(173, 12, '2019-10-10', 1000, 50, NULL, NULL, NULL, 1050, NULL, '2019-10-14 13:46:21', '2019-10-14 13:46:21', NULL),
(174, 26, '2019-10-14', 1000, 50, NULL, NULL, NULL, 1050, NULL, '2019-10-14 13:47:46', '2019-10-14 13:47:46', NULL),
(175, 3, '2019-10-15', 1000, 50, NULL, NULL, NULL, 1050, NULL, '2019-10-15 22:22:30', '2020-06-24 22:38:53', NULL),
(176, 32, '2019-10-15', 1000, 50, NULL, NULL, NULL, 1050, NULL, '2019-10-15 22:25:06', '2019-10-15 22:25:06', NULL),
(177, 14, '2019-10-15', 1000, 50, NULL, NULL, NULL, 1050, NULL, '2019-10-15 22:25:40', '2020-06-24 22:47:18', NULL),
(178, 23, '2019-10-15', 1000, 49, NULL, NULL, NULL, 1049, NULL, '2019-10-15 22:26:02', '2019-10-15 22:26:02', NULL),
(179, 22, '2019-10-15', 1000, 50, NULL, NULL, NULL, 1050, NULL, '2019-10-15 22:27:07', '2019-10-15 22:27:07', NULL),
(180, 21, '2019-10-15', 1000, 51, NULL, NULL, NULL, 1051, NULL, '2019-10-15 22:28:26', '2019-10-15 22:28:26', NULL),
(181, 18, '2019-10-15', 1000, 50, NULL, NULL, NULL, 1050, NULL, '2019-10-15 22:28:54', '2019-10-15 22:28:54', NULL),
(182, 25, '2019-10-15', 1000, 50, NULL, NULL, NULL, 1050, NULL, '2019-10-15 22:29:29', '2019-10-15 22:29:29', NULL),
(183, 5, '2019-10-15', 1000, 50, NULL, NULL, NULL, 1050, NULL, '2019-10-15 22:30:02', '2019-10-15 22:30:02', NULL),
(184, 5, '2019-10-15', 0, 0, 100, NULL, 'Fine For September 2019', 100, NULL, '2019-10-15 22:33:49', '2019-10-15 22:33:49', NULL),
(185, 2, '2019-10-15', 1000, 50, NULL, NULL, NULL, 1050, NULL, '2019-10-29 20:48:46', '2019-10-29 20:48:46', NULL),
(186, 6, '2019-10-15', 1000, 50, NULL, NULL, NULL, 1050, NULL, '2019-10-29 20:49:05', '2019-10-29 20:49:05', NULL),
(187, 7, '2019-10-15', 1000, 50, NULL, NULL, NULL, 1050, NULL, '2019-10-30 14:38:21', '2019-10-30 14:38:21', NULL),
(188, 19, '2019-10-30', 2000, 100, NULL, NULL, 'November & December 2019', 2100, NULL, '2019-10-31 14:57:14', '2019-10-31 14:57:14', NULL),
(189, 31, '2019-10-30', 1000, 50, NULL, NULL, 'November 2019', 1050, NULL, '2019-10-31 14:58:14', '2019-10-31 14:58:14', NULL),
(190, 16, '2019-10-31', 2000, 50, 100, NULL, 'October and November 2019', 2150, NULL, '2019-11-03 03:43:49', '2020-07-06 00:14:33', NULL),
(191, 27, '2019-11-05', 1000, 50, NULL, NULL, NULL, 1050, NULL, '2019-11-05 15:40:04', '2020-07-06 00:10:09', NULL),
(192, 30, '2019-11-05', 1000, 50, NULL, NULL, NULL, 1050, NULL, '2019-11-05 15:44:59', '2019-11-05 15:44:59', NULL),
(193, 15, '2019-11-04', 1000, 50, NULL, NULL, NULL, 1050, NULL, '2019-11-07 18:36:03', '2019-11-07 18:36:03', NULL),
(194, 11, '2019-11-07', 1000, 50, NULL, NULL, NULL, 1050, NULL, '2019-11-07 18:36:27', '2019-11-07 18:36:27', NULL),
(195, 4, '2019-11-11', 1000, 50, NULL, NULL, NULL, 1050, NULL, '2019-11-20 08:27:50', '2019-11-20 08:27:50', NULL),
(196, 9, '2019-11-11', 1000, 50, NULL, NULL, NULL, 1050, NULL, '2019-11-20 08:28:24', '2019-11-20 08:28:24', NULL),
(197, 10, '2019-11-11', 1000, 50, NULL, NULL, NULL, 1050, NULL, '2019-11-20 08:28:49', '2019-11-20 08:28:49', NULL),
(198, 3, '2019-11-13', 1000, 50, NULL, NULL, NULL, 1050, NULL, '2019-11-20 08:29:19', '2019-11-20 08:29:19', NULL),
(199, 26, '2019-11-13', 1000, 50, NULL, NULL, NULL, 1050, NULL, '2019-11-20 08:30:26', '2019-11-20 08:30:26', NULL),
(200, 32, '2019-11-14', 1000, 50, NULL, NULL, NULL, 1050, NULL, '2019-11-20 08:31:07', '2019-11-20 08:31:07', NULL),
(201, 14, '2019-11-14', 1000, 50, NULL, NULL, NULL, 1050, NULL, '2019-11-20 08:31:44', '2019-11-20 08:31:44', NULL),
(202, 6, '2019-11-14', 1000, 50, NULL, NULL, NULL, 1050, NULL, '2019-11-20 08:32:19', '2019-11-20 08:32:19', NULL),
(203, 12, '2019-11-14', 1000, 50, NULL, NULL, NULL, 1050, NULL, '2019-11-20 08:33:00', '2019-11-20 08:33:00', NULL),
(204, 23, '2019-11-14', 1000, 50, NULL, NULL, NULL, 1050, NULL, '2019-11-20 08:33:38', '2019-11-20 08:33:38', NULL),
(205, 25, '2019-11-14', 1000, 50, NULL, NULL, NULL, 1050, NULL, '2019-11-20 08:34:07', '2019-11-20 08:34:07', NULL),
(206, 22, '2019-11-14', 1000, 50, NULL, NULL, NULL, 1050, NULL, '2019-11-20 08:34:38', '2019-11-20 08:34:38', NULL),
(207, 21, '2019-11-14', 1000, 50, NULL, NULL, NULL, 1050, NULL, '2019-11-20 08:35:39', '2019-11-20 08:35:39', NULL),
(208, 5, '2019-11-14', 1000, 50, 100, NULL, 'October 19', 1150, NULL, '2019-11-20 08:37:15', '2019-11-20 08:37:15', NULL),
(209, 18, '2019-11-14', 1000, 50, NULL, NULL, NULL, 1050, NULL, '2019-11-20 08:38:49', '2019-11-20 08:38:49', NULL),
(210, 7, '2019-11-14', 1000, 50, NULL, NULL, NULL, 1050, NULL, '2019-11-20 08:50:35', '2019-11-20 08:50:35', NULL),
(211, 24, '2019-11-18', 1000, 50, NULL, NULL, 'Fine arriar 100', 1050, NULL, '2019-11-20 08:52:17', '2019-11-20 08:52:17', NULL),
(212, 17, '2019-11-25', 1000, 200, NULL, NULL, 'December 2019 and Ariar pay 150', 1200, NULL, '2019-11-30 18:22:53', '2019-11-30 18:22:53', NULL),
(213, 20, '2019-11-25', 1000, 200, NULL, NULL, 'December 2019 and Ariar pay 150', 1200, NULL, '2019-11-30 18:23:23', '2019-11-30 18:23:23', NULL),
(214, 11, '2019-12-03', 1000, 50, NULL, NULL, NULL, 1050, NULL, '2019-12-16 22:54:50', '2019-12-16 22:54:50', NULL),
(215, 15, '2019-12-05', 1000, 50, NULL, NULL, NULL, 1050, NULL, '2019-12-16 22:55:21', '2019-12-16 22:55:21', NULL),
(216, 26, '2019-12-08', 1000, 50, NULL, NULL, NULL, 1050, NULL, '2019-12-16 22:55:53', '2019-12-16 22:55:53', NULL),
(217, 3, '2019-12-10', 1000, 50, NULL, NULL, NULL, 1050, NULL, '2019-12-16 22:56:18', '2019-12-16 22:56:18', NULL),
(218, 9, '2019-12-12', 1000, 50, NULL, NULL, NULL, 1050, NULL, '2019-12-16 22:57:13', '2019-12-16 22:57:13', NULL),
(219, 4, '2019-12-12', 1000, 50, NULL, NULL, NULL, 1050, NULL, '2019-12-16 22:57:31', '2019-12-16 22:57:31', NULL),
(220, 10, '2019-12-12', 1000, 50, NULL, NULL, NULL, 1050, NULL, '2019-12-16 22:57:51', '2019-12-16 22:57:51', NULL),
(221, 8, '2019-12-15', 2000, 100, 100, NULL, 'November, December 19', 2200, NULL, '2019-12-16 22:59:10', '2019-12-16 22:59:10', NULL),
(222, 24, '2019-12-15', 1000, 50, NULL, NULL, NULL, 1050, NULL, '2019-12-16 22:59:38', '2019-12-16 22:59:38', NULL),
(223, 32, '2019-12-15', 1000, 50, NULL, NULL, NULL, 1050, NULL, '2019-12-16 22:59:58', '2019-12-16 22:59:58', NULL),
(224, 14, '2019-12-15', 1000, 50, NULL, NULL, NULL, 1050, NULL, '2019-12-16 23:00:23', '2019-12-16 23:00:23', NULL),
(225, 25, '2019-12-15', 1000, 50, NULL, NULL, NULL, 1050, NULL, '2019-12-16 23:00:45', '2019-12-16 23:00:45', NULL),
(226, 22, '2019-12-15', 1000, 50, NULL, NULL, NULL, 1050, NULL, '2019-12-16 23:01:09', '2019-12-16 23:01:09', NULL),
(227, 6, '2019-12-15', 1000, 50, NULL, NULL, NULL, 1050, NULL, '2019-12-16 23:01:39', '2019-12-16 23:01:39', NULL),
(228, 23, '2019-12-15', 1000, 50, NULL, NULL, NULL, 1050, NULL, '2019-12-16 23:02:05', '2019-12-16 23:02:05', NULL),
(229, 5, '2019-12-15', 1000, 50, 100, NULL, 'November 19', 1150, NULL, '2019-12-16 23:02:55', '2019-12-16 23:02:55', NULL),
(230, 33, '2019-12-15', 9000, 950, NULL, NULL, 'New Member', 9950, NULL, '2019-12-16 23:03:56', '2019-12-16 23:03:56', NULL),
(231, 31, '2019-12-15', 1000, 50, NULL, NULL, NULL, 1050, NULL, '2019-12-16 23:04:26', '2019-12-16 23:04:26', NULL),
(232, 21, '2019-12-15', 1000, 50, NULL, NULL, NULL, 1050, NULL, '2019-12-16 23:04:49', '2019-12-16 23:04:49', NULL),
(233, 29, '2019-12-15', 2700, 100, 200, NULL, 'Arrears 350', 3000, NULL, '2019-12-16 23:06:48', '2019-12-16 23:06:48', NULL),
(234, 7, '2019-12-15', 1000, 50, NULL, NULL, NULL, 1050, NULL, '2019-12-16 23:07:18', '2019-12-16 23:07:18', NULL),
(235, 2, '2019-12-15', 2000, 100, 100, NULL, 'November, December 19', 2200, NULL, '2019-12-16 23:07:47', '2019-12-16 23:07:47', NULL),
(236, 1, '2019-12-15', 3000, 150, NULL, NULL, NULL, 3150, NULL, '2020-01-07 17:25:37', '2020-01-07 17:25:37', NULL),
(237, 27, '2019-12-15', 1000, 50, NULL, NULL, NULL, 1050, NULL, '2020-01-07 17:26:23', '2020-01-07 17:26:23', NULL),
(238, 28, '2019-12-15', 2000, 100, NULL, NULL, 'December 19 and January 20', 2100, NULL, '2020-01-07 17:27:00', '2020-07-06 00:05:36', NULL),
(239, 30, '2019-12-15', 1000, 50, NULL, NULL, NULL, 1050, NULL, '2020-01-07 17:28:06', '2020-01-07 17:28:06', NULL),
(240, 13, '2020-01-05', 4000, 50, NULL, NULL, NULL, 4050, NULL, '2020-01-07 17:29:49', '2020-01-07 17:29:49', NULL),
(241, 18, '2019-12-15', 1000, 50, NULL, NULL, NULL, 1050, NULL, '2020-02-04 02:28:50', '2020-02-04 02:28:50', NULL),
(242, 12, '2019-12-15', 1000, 50, NULL, NULL, NULL, 1050, NULL, '2020-02-04 02:29:24', '2020-02-04 02:29:24', NULL),
(243, 15, '2020-01-07', 4000, 50, NULL, NULL, NULL, 4050, NULL, '2020-02-04 02:30:50', '2020-02-04 02:30:50', NULL),
(244, 31, '2020-01-08', 4000, 50, NULL, NULL, NULL, 4050, NULL, '2020-02-04 02:31:20', '2020-02-04 02:31:20', NULL),
(245, 19, '2020-01-09', 5000, 100, NULL, NULL, 'February advance', 5100, NULL, '2020-02-04 02:32:04', '2020-02-04 02:32:04', NULL),
(246, 11, '2020-01-09', 4000, 50, NULL, NULL, NULL, 4050, NULL, '2020-02-04 02:32:24', '2020-02-04 02:32:24', NULL),
(247, 26, '2020-01-15', 4000, 100, NULL, NULL, '50 taka advance', 4100, NULL, '2020-02-04 02:33:43', '2020-02-04 02:33:43', NULL),
(248, 12, '2020-01-15', 4000, 50, NULL, NULL, NULL, 4050, NULL, '2020-02-04 02:34:10', '2020-02-04 02:34:10', NULL),
(249, 32, '2020-01-15', 4000, 50, NULL, NULL, NULL, 4050, NULL, '2020-02-04 02:36:25', '2020-02-04 02:36:25', NULL),
(250, 14, '2020-01-15', 4000, 50, NULL, NULL, NULL, 4050, NULL, '2020-02-04 02:36:43', '2020-02-04 02:36:43', NULL),
(251, 23, '2020-01-15', 4000, 50, NULL, NULL, NULL, 4050, NULL, '2020-02-04 02:37:05', '2020-02-04 02:37:05', NULL),
(252, 25, '2020-01-15', 4000, 50, NULL, NULL, NULL, 4050, NULL, '2020-02-04 02:37:29', '2020-02-04 02:37:29', NULL),
(253, 22, '2020-01-15', 4000, 50, NULL, NULL, NULL, 4050, NULL, '2020-02-04 02:38:06', '2020-02-04 02:38:06', NULL),
(254, 33, '2020-01-15', 4000, 50, NULL, NULL, NULL, 4050, NULL, '2020-02-04 02:38:28', '2020-02-04 02:38:28', NULL),
(255, 7, '2020-01-15', 4000, 50, NULL, NULL, NULL, 4050, NULL, '2020-02-04 02:38:43', '2020-02-04 02:38:43', NULL),
(256, 21, '2020-01-15', 4000, 50, NULL, NULL, NULL, 4050, NULL, '2020-02-04 02:39:16', '2020-02-04 02:39:16', NULL),
(257, 2, '2020-01-15', 4000, 50, NULL, NULL, NULL, 4050, NULL, '2020-02-04 02:39:34', '2020-02-04 02:39:34', NULL),
(258, 1, '2020-01-15', 0, 0, 200, NULL, 'November, December 19', 200, NULL, '2020-02-04 02:40:04', '2020-02-04 02:40:04', NULL),
(259, 29, '2020-01-15', 4000, 50, NULL, NULL, NULL, 4050, NULL, '2020-02-04 02:40:27', '2020-02-04 02:40:27', NULL),
(260, 5, '2020-01-15', 1000, 50, 100, NULL, 'December 2019', 1150, NULL, '2020-02-04 02:41:01', '2020-02-04 02:41:01', NULL),
(261, 6, '2020-01-15', 1000, 50, NULL, NULL, 'January 2020', 1050, NULL, '2020-02-04 02:41:30', '2020-02-04 02:41:30', NULL),
(262, 30, '2020-01-15', 1000, 50, NULL, NULL, NULL, 1050, NULL, '2020-02-04 02:42:11', '2020-02-04 02:42:11', NULL),
(263, 28, '2020-01-28', 4000, 150, NULL, NULL, '100 taka advance pay', 4150, NULL, '2020-02-04 02:43:05', '2020-02-04 02:43:05', NULL),
(264, 1, '2020-02-03', 3000, NULL, NULL, NULL, 'Yearly 3000', 3000, NULL, '2020-02-04 02:44:18', '2020-02-04 02:44:18', NULL),
(265, 27, '2020-02-03', 4000, 50, 100, NULL, 'January', 4150, NULL, '2020-02-04 02:44:51', '2020-02-04 02:44:51', NULL),
(266, 15, '2020-02-04', 1000, 50, NULL, NULL, NULL, 1050, NULL, '2020-02-25 01:09:21', '2020-02-25 01:09:21', NULL),
(267, 20, '2020-02-05', 6000, 150, 50, NULL, 'January, February, march, fine 50tk', 6200, NULL, '2020-02-25 01:11:52', '2020-02-25 01:11:52', NULL),
(268, 17, '2020-02-05', 6000, 150, 50, NULL, 'January, February, march, fine 50tk', 6200, NULL, '2020-02-25 01:12:33', '2020-02-25 01:12:33', NULL),
(269, 13, '2020-02-09', 1000, 50, NULL, NULL, NULL, 1050, NULL, '2020-02-25 01:13:04', '2020-02-25 01:13:04', NULL),
(270, 31, '2020-02-10', 1000, 50, NULL, NULL, NULL, 1050, NULL, '2020-02-25 01:13:31', '2020-02-25 01:13:31', NULL),
(271, 7, '2020-02-11', 1000, 50, NULL, NULL, NULL, 1050, NULL, '2020-02-25 01:13:49', '2020-02-25 01:13:49', NULL),
(272, 32, '2020-02-11', 1000, 50, NULL, NULL, NULL, 1050, NULL, '2020-02-25 01:14:25', '2020-02-25 01:14:25', NULL),
(273, 33, '2020-02-11', 1000, 50, NULL, NULL, NULL, 1050, NULL, '2020-02-25 01:14:45', '2020-02-25 01:14:45', NULL),
(274, 14, '2020-02-11', 1000, 50, NULL, NULL, NULL, 1050, NULL, '2020-02-25 01:15:37', '2020-02-25 01:15:37', NULL),
(275, 23, '2020-02-11', 1000, 50, NULL, NULL, NULL, 1050, NULL, '2020-02-25 01:16:10', '2020-02-25 01:16:10', NULL),
(276, 22, '2020-02-11', 1000, 50, NULL, NULL, NULL, 1050, NULL, '2020-02-25 01:16:30', '2020-02-25 01:16:30', NULL),
(277, 2, '2020-02-11', 1000, 50, NULL, NULL, NULL, 1050, NULL, '2020-02-25 01:17:19', '2020-02-25 01:17:19', NULL),
(278, 12, '2020-02-11', 1000, 50, NULL, NULL, NULL, 1050, NULL, '2020-02-25 01:18:02', '2020-02-25 01:18:02', NULL),
(279, 11, '2020-02-11', 1000, 50, NULL, NULL, NULL, 1050, NULL, '2020-02-25 01:18:28', '2020-02-25 01:18:28', NULL),
(280, 25, '2020-02-11', 1000, 50, NULL, NULL, NULL, 1050, NULL, '2020-02-25 01:19:00', '2020-02-25 01:19:00', NULL),
(281, 21, '2020-02-11', 1000, 50, NULL, NULL, NULL, 1050, NULL, '2020-02-25 01:19:31', '2020-02-25 01:19:31', NULL),
(282, 30, '2020-02-11', 1000, 50, NULL, NULL, NULL, 1050, NULL, '2020-02-25 01:20:01', '2020-02-25 01:20:01', NULL),
(283, 28, '2020-02-12', 1000, 50, NULL, NULL, NULL, 1050, NULL, '2020-02-25 01:21:13', '2020-02-25 01:21:13', NULL),
(284, 3, '2020-02-12', 2000, 100, 100, NULL, 'January, February', 2200, NULL, '2020-02-25 01:24:58', '2020-02-25 01:24:58', NULL),
(285, 29, '2020-02-18', 1000, 50, NULL, NULL, NULL, 1050, NULL, '2020-02-25 01:25:49', '2020-02-25 01:25:49', NULL),
(286, 30, '2020-02-11', 3000, NULL, NULL, NULL, 'Yearly 3000', 3000, NULL, '2020-03-04 19:23:56', '2020-03-04 19:23:56', NULL),
(287, 8, '2020-03-03', 6000, 150, 200, NULL, 'Yarly 3000, Janu+Feb+March', 6350, NULL, '2020-04-01 17:53:11', '2020-04-01 17:53:11', NULL),
(288, 13, '2020-03-05', 1000, 50, NULL, NULL, NULL, 1050, NULL, '2020-04-01 17:53:52', '2020-04-01 17:53:52', NULL),
(289, 10, '2020-02-27', 5000, 100, NULL, NULL, 'Yarly+Jan+Feb', 5100, NULL, '2020-04-01 17:55:03', '2020-04-01 17:55:03', NULL),
(290, 4, '2020-02-27', 5000, 200, NULL, NULL, 'Yarly+Jan+Feb', 5200, NULL, '2020-04-01 17:55:35', '2020-04-01 17:55:35', NULL),
(291, 31, '2020-03-08', 1000, 50, NULL, NULL, NULL, 1050, NULL, '2020-04-01 17:56:51', '2020-04-01 17:56:51', NULL),
(292, 24, '2020-03-11', 6000, 150, 250, NULL, 'Yarly+Jan+Feb+Mar', 6400, NULL, '2020-04-01 17:58:46', '2020-04-01 17:58:46', NULL),
(293, 19, '2020-03-11', 2000, 100, NULL, NULL, 'Mar+Apr', 2100, NULL, '2020-04-01 17:59:20', '2020-04-01 17:59:20', NULL),
(294, 33, '2020-03-12', 1000, 50, NULL, NULL, NULL, 1050, NULL, '2020-04-01 18:00:10', '2020-04-01 18:00:10', NULL),
(295, 27, '2020-03-12', 2000, 100, 100, NULL, 'Feb+March', 2200, NULL, '2020-04-01 18:01:16', '2020-04-01 18:01:16', NULL),
(296, 1, '2020-03-12', 1000, 50, NULL, NULL, NULL, 1050, NULL, '2020-04-01 18:01:37', '2020-04-01 18:01:37', NULL),
(297, 16, '2020-03-12', 3000, 200, 300, NULL, 'December, January and February+ 50 arrear', 3500, NULL, '2020-04-01 18:02:48', '2020-07-06 00:16:44', NULL),
(299, 3, '2020-03-12', 1000, 50, NULL, NULL, NULL, 1050, NULL, '2020-04-01 18:04:07', '2020-04-01 18:04:07', NULL),
(300, 30, '2020-03-12', 1000, 50, NULL, NULL, NULL, 1050, NULL, '2020-04-01 18:04:28', '2020-04-01 18:04:28', NULL),
(301, 15, '2020-03-09', 1000, 50, NULL, NULL, NULL, 1050, NULL, '2020-04-01 18:04:51', '2020-04-01 18:04:51', NULL),
(302, 26, '2020-03-12', 1000, 50, NULL, NULL, NULL, 1050, NULL, '2020-04-01 18:05:24', '2020-04-01 18:05:24', NULL),
(303, 26, '2020-02-12', 1000, 50, NULL, NULL, NULL, 1050, NULL, '2020-04-01 18:06:32', '2020-04-01 18:06:32', NULL),
(304, 11, '2020-03-15', 1000, 50, NULL, NULL, NULL, 1050, NULL, '2020-04-01 18:06:59', '2020-04-01 18:06:59', NULL),
(305, 1, '2020-04-01', 1000, 50, NULL, NULL, 'March 2020', 1050, NULL, '2020-04-01 18:07:24', '2020-07-06 00:06:55', NULL),
(306, 34, '2020-04-01', 1000, 50, NULL, NULL, 'April 2019 but arrear 500 tk', 1050, NULL, '2020-04-01 18:07:39', '2020-07-05 23:18:37', NULL),
(307, 12, '2020-06-24', 1000, 50, NULL, NULL, 'March 2020', 1050, NULL, '2020-06-24 19:19:17', '2020-06-24 19:19:17', NULL),
(308, 9, '2020-06-21', 7000, 200, NULL, NULL, 'January, February, march, jun 2020 and January extra 2020', 7200, NULL, '2020-06-26 09:16:15', '2020-06-26 09:16:15', NULL),
(309, 15, '2020-06-07', 3000, 150, NULL, NULL, 'Jun, July, August regular', 3150, NULL, '2020-06-28 13:25:12', '2020-06-28 13:25:12', NULL),
(310, 26, '2020-06-15', 1000, 50, NULL, NULL, 'Jun 2020', 1050, NULL, '2020-06-28 13:25:53', '2020-06-28 13:25:53', NULL),
(314, 4, '2020-06-28', 1000, 50, NULL, NULL, 'March 2020', 1050, NULL, '2020-07-04 17:14:35', '2020-07-04 17:14:35', NULL),
(315, 10, '2020-06-28', 1000, 50, NULL, NULL, 'March 2020', 1050, NULL, '2020-07-04 17:15:02', '2020-07-04 17:15:02', NULL),
(316, 1, '2020-07-05', 3000, NULL, NULL, NULL, 'yearly', 3000, NULL, '2020-07-05 22:57:25', '2020-07-05 23:06:38', NULL),
(317, 12, '2020-07-05', 4000, 50, NULL, NULL, 'Jun 2020 and yearly', 4050, NULL, '2020-07-05 22:59:03', '2020-07-05 22:59:03', NULL),
(318, 34, '2020-07-05', 5000, 250, NULL, NULL, 'May,Jun, July, August, September 2019', 5250, NULL, '2020-07-05 23:00:40', '2020-07-05 23:00:40', NULL),
(319, 27, '2020-07-05', 1000, 50, NULL, NULL, 'Jun 2020', 1050, NULL, '2020-07-05 23:08:54', '2020-07-05 23:08:54', NULL);

-- --------------------------------------------------------

--
-- Table structure for table `cash_outs`
--

CREATE TABLE `cash_outs` (
  `id` bigint(20) UNSIGNED NOT NULL,
  `member_id` bigint(20) UNSIGNED DEFAULT NULL,
  `date` date NOT NULL,
  `admistration` int(11) DEFAULT NULL,
  `entertainment` int(11) DEFAULT NULL,
  `investment_withdraws` int(11) NOT NULL,
  `investment_withdraw` int(11) DEFAULT NULL,
  `purpose` varchar(191) COLLATE utf8mb4_unicode_ci DEFAULT NULL,
  `total_debit` int(11) NOT NULL,
  `created_at` timestamp NULL DEFAULT NULL,
  `updated_at` timestamp NULL DEFAULT NULL
) ENGINE=InnoDB DEFAULT CHARSET=utf8mb4 COLLATE=utf8mb4_unicode_ci;

--
-- Dumping data for table `cash_outs`
--

INSERT INTO `cash_outs` (`id`, `member_id`, `date`, `admistration`, `entertainment`, `investment_withdraws`, `investment_withdraw`, `purpose`, `total_debit`, `created_at`, `updated_at`) VALUES
(1, NULL, '2019-04-30', 7260, NULL, 0, NULL, 'Raising Doc', 7260, '2019-08-03 02:14:01', '2019-08-03 02:14:01'),
(2, NULL, '2019-04-30', 400, NULL, 0, NULL, 'Check book', 400, '2019-08-03 02:14:24', '2019-08-03 02:14:24'),
(3, NULL, '2019-06-06', 1505, NULL, 0, NULL, '1St re:union2019', 1505, '2019-08-09 00:00:17', '2019-08-09 00:00:17'),
(4, NULL, '2019-06-30', 805, NULL, 0, NULL, 'bank cut', 805, '2019-08-09 00:03:21', '2019-08-09 00:03:21'),
(5, NULL, '2019-07-31', 19000, NULL, 0, NULL, 'Softwar Company', 19000, '2019-08-23 11:33:33', '2019-08-23 11:33:33'),
(11, NULL, '2020-06-28', 230, NULL, 0, NULL, 'Bank charge', 230, '2020-06-28 13:26:29', '2020-06-28 13:26:29');

-- --------------------------------------------------------

--
-- Table structure for table `directors`
--

CREATE TABLE `directors` (
  `id` bigint(20) UNSIGNED NOT NULL,
  `member_id` bigint(20) NOT NULL,
  `post` varchar(191) COLLATE utf8mb4_unicode_ci NOT NULL,
  `name` varchar(191) COLLATE utf8mb4_unicode_ci NOT NULL,
  `from` date NOT NULL,
  `to` date NOT NULL,
  `motivation` text COLLATE utf8mb4_unicode_ci NOT NULL,
  `created_at` timestamp NULL DEFAULT NULL,
  `updated_at` timestamp NULL DEFAULT NULL
) ENGINE=InnoDB DEFAULT CHARSET=utf8mb4 COLLATE=utf8mb4_unicode_ci;

--
-- Dumping data for table `directors`
--

INSERT INTO `directors` (`id`, `member_id`, `post`, `name`, `from`, `to`, `motivation`, `created_at`, `updated_at`) VALUES
(2, 1, 'Chairman', 'Md Ali Akber', '2019-04-01', '2022-03-31', '01723-947335', '2020-07-03 23:00:13', '2020-07-03 23:00:39'),
(3, 11, 'Vice Chairman', 'Md Miraz Uddin', '2019-04-01', '2022-03-31', '01722034881', '2020-07-03 23:14:08', '2020-07-03 23:14:08'),
(4, 3, 'Secretary', 'Md Nur Nabi', '2019-04-01', '2022-03-31', '01812580206', '2020-07-03 23:15:02', '2020-07-03 23:15:02'),
(5, 5, 'Office Secretary', 'Md Nazim Uddin', '2019-04-01', '2022-03-31', '01640816955', '2020-07-03 23:15:46', '2020-07-03 23:15:46'),
(6, 17, 'Member', 'Md Ahsan Ullah', '2019-04-01', '2022-03-31', '01761200539', '2020-07-03 23:16:46', '2020-07-03 23:16:46');

-- --------------------------------------------------------

--
-- Table structure for table `investments`
--

CREATE TABLE `investments` (
  `id` bigint(20) UNSIGNED NOT NULL,
  `status` int(11) NOT NULL,
  `purpose` varchar(191) COLLATE utf8mb4_unicode_ci NOT NULL,
  `details` varchar(191) COLLATE utf8mb4_unicode_ci NOT NULL,
  `amount` int(11) NOT NULL,
  `created_at` timestamp NULL DEFAULT NULL,
  `updated_at` timestamp NULL DEFAULT NULL
) ENGINE=InnoDB DEFAULT CHARSET=utf8mb4 COLLATE=utf8mb4_unicode_ci;

--
-- Dumping data for table `investments`
--

INSERT INTO `investments` (`id`, `status`, `purpose`, `details`, `amount`, `created_at`, `updated_at`) VALUES
(1, 1, 'cash_out', 'বিনিয়োগ নং-০১/২০১৯ \r\nসপ্ন পূরণ হিসাবে ৮.৫% লাভের সত্তে রাখা হয়েছে (হিসাব নং ০২৩৬১১৩০০০৫৮৫০)', 200000, '2019-10-30 14:31:41', '2019-10-30 14:31:41'),
(2, 1, 'cash_out', 'স্বপ্ন পূরনএর জন্য ১০০০০০/ টাকা জমা করা হলো ।', 100000, '2020-02-04 02:46:51', '2020-02-04 02:46:51'),
(3, 1, 'cash_out', 'Sopno puron', 80000, '2020-02-25 01:27:04', '2020-02-25 01:27:04');

-- --------------------------------------------------------

--
-- Table structure for table `members`
--

CREATE TABLE `members` (
  `id` bigint(20) UNSIGNED NOT NULL,
  `user_id` bigint(20) UNSIGNED NOT NULL,
  `name` varchar(191) COLLATE utf8mb4_unicode_ci NOT NULL,
  `gender` varchar(191) COLLATE utf8mb4_unicode_ci NOT NULL,
  `dob` date NOT NULL,
  `father` varchar(191) COLLATE utf8mb4_unicode_ci DEFAULT NULL,
  `mother` varchar(191) COLLATE utf8mb4_unicode_ci DEFAULT NULL,
  `nid` varchar(191) COLLATE utf8mb4_unicode_ci NOT NULL,
  `phone` varchar(191) COLLATE utf8mb4_unicode_ci NOT NULL,
  `present_addr` varchar(191) COLLATE utf8mb4_unicode_ci DEFAULT NULL,
  `permanent_addr` varchar(191) COLLATE utf8mb4_unicode_ci DEFAULT NULL,
  `spouse` varchar(191) COLLATE utf8mb4_unicode_ci DEFAULT NULL,
  `spouse_nid` varchar(191) COLLATE utf8mb4_unicode_ci NOT NULL,
  `spouse_photo` varchar(191) COLLATE utf8mb4_unicode_ci DEFAULT NULL,
  `photo` varchar(191) COLLATE utf8mb4_unicode_ci NOT NULL DEFAULT 'image.png',
  `created_at` timestamp NULL DEFAULT NULL,
  `updated_at` timestamp NULL DEFAULT NULL,
  `profession` varchar(191) COLLATE utf8mb4_unicode_ci NOT NULL,
  `blood_group` varchar(191) COLLATE utf8mb4_unicode_ci NOT NULL,
  `joining_date` date NOT NULL
) ENGINE=InnoDB DEFAULT CHARSET=utf8mb4 COLLATE=utf8mb4_unicode_ci;

--
-- Dumping data for table `members`
--

INSERT INTO `members` (`id`, `user_id`, `name`, `gender`, `dob`, `father`, `mother`, `nid`, `phone`, `present_addr`, `permanent_addr`, `spouse`, `spouse_nid`, `spouse_photo`, `photo`, `created_at`, `updated_at`, `profession`, `blood_group`, `joining_date`) VALUES
(1, 14, 'Md Ali Akber', 'male', '1991-07-07', 'Sahazada Firoz', 'Selina Akter', '1234567', '01723947335', 'Char Afjol, Bibirhat, Ramgoti, Laksmipur', 'Char Afjol, Bibirhat, Ramgoti, Laksmipur', 'Rehana Akter', '018156599', '5d40bc51a2183.jpeg', '5d40bc51a02d9.jpeg', '2019-07-31 03:53:21', '2020-07-07 20:28:55', 'Bangladesh Army', 'O+', '2019-04-01'),
(2, 15, 'Md Firoz Alam', 'male', '1992-07-12', 'MD Mir jahir', 'Momena khatun', '8217263204', '01779574095', 'Char Afjol, Bibirhat, Ramgoti, laksmipur', 'Char Afjol, Bibirhat, Ramgoti, laksmipur', 'khalada akter Rima', '3304319159', NULL, '5d412f3321be1.jpeg', '2019-07-31 12:03:31', '2019-08-30 20:10:33', 'Bangladesh Army', 'O+', '2019-04-01'),
(3, 16, 'Md Nur Nabi', 'male', '1991-07-05', 'Md. Abu Taher', 'Fatama Begum', '3724537596', '01812580206', 'Char Afjal, Soyed Moulavi Bazar, Ramgati, Lakshmipur.', 'Char Afjal, Soyed Moulavi Bazar, Ramgati, Lakshmipur', 'Md. Rashed Uddin', '4158921249', '5d504b9f2aa32.jpeg', '5d504b9f292f2.jpeg', '2019-07-31 12:08:00', '2019-08-11 23:08:47', 'Lecturer, English.', 'O+', '2019-04-01'),
(4, 17, 'Md Nur Alam', 'male', '1988-01-01', 'AAAAAAAAA', 'BBBBBBBBB', '1211212122', '01875864985', 'Noakhali', 'Noakhali', 'Mobasserin Akter', '11111111111111', NULL, '5ef3f14ee1dd3.jpeg', '2019-07-31 12:09:33', '2020-06-25 05:35:26', 'Pubali Bank', 'A+', '2019-04-01'),
(5, 18, 'Md Nazim Uddin', 'male', '1990-01-01', 'Abdul Goni Molla', 'Ferdusa Begum', '019945117387000129', '01640816955', 'Char Afjol, Bibirhat, Ramgoti, laksmipur', 'Char Afjol, Bibirhat, Ramgoti, laksmipur', 'Nasima Akter', '199451733910061', NULL, '5d41314f11d96.jpeg', '2019-07-31 12:12:31', '2019-09-04 20:53:50', 'Bayer Crops Ltd. (S. P. O)', 'O+', '2019-04-01'),
(6, 19, 'Samsul Alam samim', 'male', '1993-11-06', 'Md Josim Uddin', 'Johora Begum', '1111111111', '01843129349', 'Char Afjol, Bibirhat, Ramgoti, laksmipur', 'Char Afjol, Bibirhat, Ramgoti, laksmipur', 'Papia Khatun Papy', '2222222222', NULL, '5d4131e17be76.jpeg', '2019-07-31 12:14:57', '2019-07-31 12:14:57', 'Bangladesh Army', 'O+', '2019-04-01'),
(7, 20, 'Md Deloar Hossain', 'male', '1992-01-01', 'AAAAAAAAA', 'BBBBBBBBB', '1211212122', '0122222222222', 'Char Afjol, Bibirhat, Ramgoti, laksmipur', 'Char Afjol, Bibirhat, Ramgoti, laksmipur', 'CCCCCCCCC', '11111111', NULL, '5d413242d9368.jpeg', '2019-07-31 12:16:34', '2019-07-31 12:16:34', 'Bangladesh Army', 'A+', '2019-04-01'),
(8, 21, 'Md Juel Rana (Army)', 'male', '1990-01-01', 'aaaaaaaaaaa', 'vvvvvvv', '33333333', '4444444444444', 'Char Afjol, Bibirhat, Ramgoti, laksmipur', 'Char Afjol, Bibirhat, Ramgoti, laksmipur', 'CCCCCCCCCC', '66666666666', '5d41f172be378.jpeg', '5df7bb9f5b5b5.jpeg', '2019-07-31 12:18:11', '2020-06-28 14:04:46', 'Bangladesh Army', 'A+', '2019-04-01'),
(9, 22, 'Rina Akter Dolly', 'female', '1982-01-01', 'Late Jahanr Alam', 'Rohima Khatun', '1111111111', '01717536916', 'Noakhali', 'Noakhali', 'Md Tohidur Rahaman', '33333333333', '5d41f186bf535.jpeg', '5df7bde2de6ab.jpeg', '2019-07-31 12:21:34', '2019-12-16 23:24:50', 'Teacher', 'A+', '2019-04-01'),
(10, 23, 'Mobassarin Akter', 'female', '1997-03-23', 'Md. Firoz Alam', 'Selina Akter', '1211212122', '01875864975', 'Char Afjol, Bibirhat, Ramgoti, laksmipur', 'Char Afjol, Bibirhat, Ramgoti, laksmipur', 'Md Nur Alam', '555555', '5d41f1b007761.png', '5dcd305d4c88b.jpeg', '2019-07-31 12:25:54', '2019-11-14 16:45:49', 'Student', 'A+', '2019-04-01'),
(11, 24, 'Md Miraz Uddin', 'male', '1990-11-01', 'Md Ruhul Amin', 'Rokea Begum', '19905117387000267', '01722034881', 'Char Afjol, Bibirhat, Ramgoti, laksmipur', 'Char Afjol, Bibirhat, Ramgoti, laksmipur', 'Md Riaz Uddin', '44444444444444', NULL, '5d49620ceffa0.jpeg', '2019-07-31 12:29:50', '2019-08-06 17:18:36', 'Teacher', 'O+', '2019-04-01'),
(12, 25, 'Md Ali Azgor', 'male', '1994-09-15', 'Sahajada Firoz', 'Selina Akter', '5555555555555', '01843842686', 'Char Afjol, Bibirhat, Ramgoti, laksmipur', 'Char Afjol, Bibirhat, Ramgoti, laksmipur', 'Selina Akter', '55555555', NULL, '5d41398ed205c.jpeg', '2019-07-31 12:35:21', '2019-07-31 12:47:42', 'Teacher', 'O+', '2019-04-01'),
(13, 26, 'Md Atikur Rahaman Polash', 'male', '1994-01-01', 'Late Abul Kashem', 'Rouson ara begum', '6666666666', '01992077057', 'kalamunshi, Kobirhat, Noakhali', 'kalamunshi, Kobirhat, Noakhali', 'Rouson ara begum', '66666666', NULL, '5d413a3e9e700.jpeg', '2019-07-31 12:50:38', '2019-07-31 12:50:38', 'Teacher', 'O+', '2019-04-01'),
(14, 27, 'Abdul Hamid', 'male', '1987-03-01', 'Late Sihab Uddin', 'Nurun nesa', '5117387320307', '#01827553772   #01829810262', 'Char Afjol, Bibirhat, Ramgoti, laksmipur', 'Char Afjol, Bibirhat, Ramgoti, laksmipur', 'Oarish Hamid Elma', '55555555', NULL, '5ef3f0e0eab54.jpeg', '2019-07-31 12:54:01', '2020-06-25 05:41:08', 'Teacher', 'A+', '2019-04-01'),
(15, 28, 'Nayan Chandra Nath', 'male', '1989-10-10', 'Nirmol Chandra Nath', 'Parul Rany Nath', '510739328127', '01722516158', 'Char Afjol, Bibirhat, Ramgoti, Laksmipur', 'Char Afjol, Bibirhat, Ramgoti, Laksmipur', 'Zumur Rani Nath', '8256001069', NULL, '5d448122e1b37.jpeg', '2019-08-03 00:29:54', '2019-08-03 00:29:54', 'Doctor', 'A+', '2019-04-01'),
(16, 29, 'Md Siraz uddin', 'male', '1995-03-07', 'Md Abdul Kader', 'Bibi Moriom', '1234567890123', '01905858647', 'Char Afjol, Bibirhat, Ramgoti, Laksmipur', 'Char Afjol, Bibirhat, Ramgoti, Laksmipur', 'Md Arafat Hossain Sihab', '22222', NULL, '5d4482b229172.jpeg', '2019-08-03 00:36:34', '2019-08-03 00:36:34', 'Bangladesh Army', 'AB+', '2019-04-01'),
(17, 30, 'Md Ahsan Ullah', 'male', '1992-12-08', 'Md Johir Uddin', 'Rokea Begum', '19920695110000109', '01761200539', 'Char Afjol, Bibirhat, Ramgoti, Laksmipur', 'Char Afjol, Bibirhat, Ramgoti, Laksmipur', 'Md Johir Uddin', '111111', NULL, '5d4483e07a010.png', '2019-08-03 00:41:36', '2019-08-03 00:41:36', 'Bangladesh Navy force', 'O-', '2019-04-01'),
(18, 31, 'Md Maksudur Rahman', 'male', '1992-01-01', 'Md Azad Uddin', 'Feara Begum', '3706501537', '01730590227', 'Char Afjol, Char Badam, Ramgoti, Laksmipur.', 'Char Afjol,Char Badam, Ramgoti, Laksmipur', 'Mst. Fatema Begum', '11111', NULL, '5d44855085304.jpeg', '2019-08-03 00:47:44', '2019-09-04 20:52:21', 'Bangladesh Air force', 'O+', '2019-04-01'),
(19, 32, 'Md Rashedul Islam', 'male', '1990-07-03', 'Md Abdul Kasem', 'Josna Begum', '19902694069000243', '01672554511', 'Dhaka', 'Char Afjol, Bibirhat, Ramgoti, Laksmipur', 'Santa Islam', '111', NULL, '5df7be21c0510.jpeg', '2019-08-03 00:53:00', '2019-12-16 23:25:53', 'Businessman', 'O+', '2019-04-01'),
(20, 33, 'Md Jasim Uddin', 'male', '1994-05-05', 'Md Abdul Kadir', 'Bibi Fatema', '19947523605000079', '01742269065', 'Char Afjol, Bibirhat, Ramgoti, Laksmipur', 'Char Afjol, Bibirhat, Ramgoti, Laksmipur', 'Sahriar Sultana Srity', '9576432398', NULL, '5d4487b40c88d.jpeg', '2019-08-03 00:57:56', '2019-10-31 20:37:14', 'Bangladesh police', 'B+', '2019-04-01'),
(21, 34, 'Md Robel Uddin', 'male', '1993-12-01', 'Md Abdus Sohid', 'Sufia Begum', '19935117387000322', '01640950865', 'Char Afjol, Bibirhat, Ramgoti, Laksmipur', 'Char Afjol, Bibirhat, Ramgoti, Laksmipur', 'Sarmin Akter', '1111', NULL, '5d4489049ca1f.jpeg', '2019-08-03 01:03:32', '2019-08-03 01:03:32', 'Bangladesh Army', 'O-', '2019-04-01'),
(22, 35, 'Md Hasan Mahmud', 'male', '1994-01-01', 'Abdul wahab', 'Mahmuda Begum', '199451133100031', '01940256176', 'Char Romij, Bibirhat, Ramgoti, Laksmipur', 'Char Romij, Bibirhat, Ramgoti, Laksmipur', 'Hafez Abdus Sattar', '1111', NULL, '5d448a5a2e4c1.jpeg', '2019-08-03 01:09:14', '2019-08-03 01:09:14', 'Teacher', 'O+', '2019-04-01'),
(23, 36, 'Md Sarwar Hossain', 'male', '1992-12-30', 'Md Oji Ullah', 'Farul Akter', '19925117387000166', '01821507865', 'Char Afjol, Bibirhat, Ramgoti, Laksmipur', 'Char Afjol, Bibirhat, Ramgoti, Laksmipur', 'Md Oziullah', '1111111', NULL, '5d448b9491ea4.jpeg', '2019-08-03 01:14:28', '2019-08-03 01:14:28', 'Doctor', 'B+', '2019-04-01'),
(24, 37, 'Md Sakil khan', 'male', '1996-01-04', 'Md Golam Sarwar', 'Jesmin Akter', '6400698053', '01826317608', 'Char Afjol, Bibirhat, Ramgoti, Laksmipur', 'Char Afjol, Bibirhat, Ramgoti, Laksmipur', 'Jesmin Akter', '5117387119507', NULL, '5d448cd924d12.jpeg', '2019-08-03 01:19:53', '2019-08-03 01:19:53', 'Engineer', 'B-', '2019-04-01'),
(25, 38, 'Md Zaker Hossain', 'male', '1992-02-01', 'Md Jamal Uddin', 'Hazera Khatun', '19925117387000168', '01812901210', 'Char Afjol, Bibirhat, Ramgoti, Laksmipur', 'Char Afjol, Bibirhat, Ramgoti, Laksmipur', 'Md Jamal Uddin', '511738732029', NULL, '5d448dc379295.jpeg', '2019-08-03 01:23:47', '2019-08-03 01:23:47', 'Robi Telecom', 'AB-', '2019-04-01'),
(26, 39, 'Md Nurul Alom', 'male', '1992-02-01', 'Abdur Rahim', 'Kulsuma Begum', '19925117387000029', '01829816258', 'Char Afjol, Bibirhat, Ramgoti, Laksmipur', 'Char Afjol, Bibirhat, Ramgoti, Laksmipur', 'Aaaaaa', '111111', NULL, '5d448eec80c8d.jpeg', '2019-08-03 01:28:44', '2019-08-03 01:28:44', 'Asian Telecom', 'AB-', '2019-04-01'),
(27, 40, 'Md Mazbah Uddin', 'male', '1989-01-02', 'Md Abul Basar', 'Sultana Razia', '19894617776736835', '01829-031213', 'Podua, Karambox Bazar, kabirhat, Noakhali', 'Podua, Karambox Bazar, kabirhat, Noakhali', 'Sajeda Akter', '19967514770000395', '5d8640d2d8acb.jpeg', '5d8640d2d709e.jpeg', '2019-08-03 01:31:48', '2019-09-21 21:25:06', 'Bangladesh Army', 'A+', '2019-04-01'),
(28, 41, 'Md Mamunur Rashid', 'male', '1988-01-01', 'Late Abdus sattar', 'Jahanara Begum', '19885117387000123', '1111111', 'Soydi Arabia', 'Char Afjol, Bibirhat, Ramgoti, Laksmipur', 'Jahanara Begum', '11111', NULL, '5d4490eebdf7f.jpeg', '2019-08-03 01:37:18', '2019-08-03 01:37:18', 'Businessman', 'AB+', '2019-04-01'),
(29, 42, 'Md Alauddin', 'male', '2019-08-01', 'Gggghh', 'Jkkllll', '2749819690', '6393629', 'Char Afjol, Bibirhat, Ramgoti, Laksmipur', 'Char Afjol, Bibirhat, Ramgoti, Laksmipur', 'Ydjsjdk', '25245546', NULL, '5d44927005639.jpeg', '2019-08-03 01:43:44', '2019-08-03 01:43:44', 'Bangladesh police', 'AB-', '2019-04-01'),
(30, 43, 'Md Arman Hossain', 'male', '1992-07-30', 'Shek Forid', 'Kawsar Begum', '1111111112', '01750573242', 'Borokheri, Ramgoti, Laksmipur', 'Borokheri, Ramgoti, Laksmipur', 'Jumur Akter', '01546468', NULL, '5d44934c84a6b.jpeg', '2019-08-03 01:47:24', '2019-08-03 01:47:24', 'Bangladesh Army', 'AB+', '2019-04-01'),
(31, 44, 'Md Juel Rana (Police)', 'male', '1990-12-03', 'Md Abdus Sohid', 'Sufia Begum', '19905117387000361', '01820354893', 'Char Afjol, Bibirhat, Ramgoti, Laksmipur', 'Char Afjol, Bibirhat, Ramgoti, Laksmipur', 'Amena Khatun Nipa', '00000', NULL, '5d44941de86fd.jpeg', '2019-08-03 01:50:53', '2020-06-28 14:52:58', 'Bangladesh police', 'O+', '2019-04-01'),
(32, 47, 'Md Abdul Matin', 'male', '1973-05-05', 'Md. Abdul Hafez', 'Sirin Akter', '5117387320260', '01712200097', 'Char Afjol, Bibir hat, Ramgoti, Laksmipur', 'Char Afjol, Bibir hat, Ramgoti, Laksmipur', 'ccccccccc', '5555555555', NULL, '5d7d1715b5ffd.jpeg', '2019-09-14 22:36:37', '2019-10-05 21:57:19', 'Government of the People\'s Republic of Bangladesh, Employees. এ Instructor', 'A+', '2019-09-01'),
(33, 48, 'Joshna Begum', 'female', '1995-06-02', 'Md.Jaker Hossain', 'Nur Nahar Begum', '19955117355453056', '01859466537', 'Char Afjal, Bibir Hat, Ramgati, Laxmipur', 'Char Afjal, Bibir Hat, Ramgati, Laxmipur', 'Md. Sumon Uddin', '19925117387000274', '5dc41509027ed.jpeg', '5dc41508f297e.jpeg', '2019-11-07 18:58:49', '2019-11-07 18:58:49', 'Teacher', 'B+', '2019-11-07'),
(34, 49, 'Masud ur rahaman', 'male', '1990-11-12', 'Md Farid uddin', 'Mrs Morsheda Begum', '6004704364', '01715914466', 'Holding no- 621,Maijdee Noakhali', 'Bill: Pouro khatali post:Bhola Sador PS: Bhola Sador DIS: Bhola', 'Johura Tania', '12345', NULL, '5e65c3ca60d3a.jpeg', '2020-03-09 04:19:22', '2020-03-09 04:19:22', 'Army', 'A+', '2019-04-01'),
(36, 257, 'Profit', 'male', '2020-07-01', 'meghnads', 'meghnads', '32456678', '1234567890', 'meghnads', 'meghnads', 'meghnads', '1234567890', '5efd88718e1c4.jpeg', '5f01e8710b6d3.jpeg', '2020-07-02 07:10:41', '2020-07-05 19:49:21', 'meghnads', 'AB-', '2020-07-01'),
(37, 258, 'Abdul mannan', 'male', '1996-02-01', 'Foyez Ahmed', 'Nurjahan Begum', '7784486867', '01811157043', 'Sonapur, Maijdee, Noakhali', 'Sonapur katpotti, Maijdee, Noakhali', 'Fatema Begum', '19955117387000033', NULL, '5f01e8115e41c.jpeg', '2020-07-05 18:39:13', '2020-07-05 19:47:45', 'Lawyer', 'B+', '2020-07-05');

-- --------------------------------------------------------

--
-- Table structure for table `migrations`
--

CREATE TABLE `migrations` (
  `id` int(10) UNSIGNED NOT NULL,
  `migration` varchar(191) COLLATE utf8mb4_unicode_ci NOT NULL,
  `batch` int(11) NOT NULL
) ENGINE=InnoDB DEFAULT CHARSET=utf8mb4 COLLATE=utf8mb4_unicode_ci;

--
-- Dumping data for table `migrations`
--

INSERT INTO `migrations` (`id`, `migration`, `batch`) VALUES
(1, '2014_10_12_000000_create_users_table', 1),
(2, '2014_10_12_100000_create_password_resets_table', 1),
(3, '2019_05_15_002356_create_members_table', 1),
(4, '2019_05_17_014813_create_cash_ins_table', 1),
(5, '2019_05_17_015335_create_cash_outs_table', 1),
(6, '2019_05_19_005023_add_comments_to_cash_ins', 1),
(7, '2019_05_21_011124_create_investments_table', 1),
(8, '2019_05_23_010509_create_bank_balances_table', 1),
(9, '2019_06_03_005421_add_nominee_nid_to_members_table', 1),
(10, '2019_06_03_005735_add_nominee_photo_to_members_table', 1),
(11, '2019_07_22_214947_add_remember-token_to_users', 1),
(12, '2019_07_22_221338_add_newfield_to_members', 1),
(13, '2020_06_18_211551_create_notices_table', 1),
(14, '2020_06_29_080344_create_directors_table', 1),
(15, '2020_06_29_080639_notice', 1),
(16, '2020_06_29_081211_create_advisors_table', 1),
(17, '2020_07_02_085117_add_source_to_cash_ins', 1);

-- --------------------------------------------------------

--
-- Table structure for table `notices`
--

CREATE TABLE `notices` (
  `id` bigint(20) UNSIGNED NOT NULL,
  `title` text COLLATE utf8mb4_unicode_ci NOT NULL,
  `description` longtext COLLATE utf8mb4_unicode_ci NOT NULL,
  `created_at` timestamp NULL DEFAULT NULL,
  `updated_at` timestamp NULL DEFAULT NULL
) ENGINE=InnoDB DEFAULT CHARSET=utf8mb4 COLLATE=utf8mb4_unicode_ci;

--
-- Dumping data for table `notices`
--

INSERT INTO `notices` (`id`, `title`, `description`, `created_at`, `updated_at`) VALUES
(3, 'স্বাগতম', 'মেঘনা ডেভেলমেন্ট সোসাইটির  অনলাইন ভূবনে আপনাকে স্বাগতম। আপনার  টাকার   সঠিক হিসাব আপনার কাছে উপস্থাপন করাই আমাদের উদ্দেশ্য। আশাকরি আমাদের সাথে থেকে  সহেযোগিতা  করবেন।', '2020-06-24 19:41:47', '2020-06-24 19:41:47'),
(5, 'টাকা জমা করন', 'আপনারা নিজ দা‌য়িত্বে নিজেদের বকেয়া টাকা প‌রিশোধ করুন। অন্যথায় সকলের প্রশ্নের সমু‌ক্ষিন হবেন। সফটওয়ারে নতুন এক‌টি ফিচার আসছে মেম্বার রিপোর্ট নামে সেখানে সবার আমলনামা দেখা যাবে। সবার কাছে সবার হিসাব প‌রিষ্কার রাখার জন্য আমাদের এই উদ্দ্যেগ  আমরা বিশ্বাস ক‌রি প‌রিচ্ছন্ন হিসাব ব্যাবস্থাই পারে আগামীর পথ আরও সুন্দর করতে। আপনাদের জন্য বিশেষ সুযোগ ৩০ তা‌রিখের মধ্যে বকেয়া প‌রিশোধ করলে কোন প্রকার জ‌রিমানা দি‌তে হবে না। আপনাদের সহযো‌গিতা একান্ত কাম্য।   \r\n                                              মোঃ আলী আকবর', '2020-06-25 05:32:11', '2020-06-25 05:32:11');

-- --------------------------------------------------------

--
-- Table structure for table `password_resets`
--

CREATE TABLE `password_resets` (
  `email` varchar(191) COLLATE utf8mb4_unicode_ci NOT NULL,
  `token` varchar(191) COLLATE utf8mb4_unicode_ci NOT NULL,
  `created_at` timestamp NULL DEFAULT NULL
) ENGINE=InnoDB DEFAULT CHARSET=utf8mb4 COLLATE=utf8mb4_unicode_ci;

-- --------------------------------------------------------

--
-- Table structure for table `users`
--

CREATE TABLE `users` (
  `id` bigint(20) UNSIGNED NOT NULL,
  `name` varchar(191) COLLATE utf8mb4_unicode_ci NOT NULL,
  `email` varchar(191) COLLATE utf8mb4_unicode_ci NOT NULL,
  `password` varchar(191) COLLATE utf8mb4_unicode_ci NOT NULL,
  `user_role` varchar(191) COLLATE utf8mb4_unicode_ci NOT NULL,
  `status` int(11) NOT NULL,
  `created_at` timestamp NULL DEFAULT NULL,
  `updated_at` timestamp NULL DEFAULT NULL,
  `remember_token` varchar(100) COLLATE utf8mb4_unicode_ci DEFAULT NULL
) ENGINE=InnoDB DEFAULT CHARSET=utf8mb4 COLLATE=utf8mb4_unicode_ci;

--
-- Dumping data for table `users`
--

INSERT INTO `users` (`id`, `name`, `email`, `password`, `user_role`, `status`, `created_at`, `updated_at`, `remember_token`) VALUES
(6, 'sakkhar', 'shakkor@gmail.com', '$2y$10$fyqfkgvzJ4oRuIl.nVVFvOi9oVrG/qTurCenfRPxjPFq75XQ0CZnW', '1', 0, '2019-07-30 19:14:24', '2019-08-05 20:02:30', NULL),
(14, 'Md Ali Akber', 'akber665@gmail.com', '$2y$10$JmcKH.ziVk8DHf5DXWuKe.9k9bOJf/HeiWEfjHAk.7MS6dJXv8PpS', '1', 1, '2019-07-31 03:53:21', '2019-08-01 01:53:29', NULL),
(15, 'Md Firoz Alam', 'firoz@gmail.com', '$2y$10$6ab4tEeb8DnSRghx8yYiaOvDWIHkwY2ZtBeUmON5zRRH8v.Fa3UGK', '2', 1, '2019-07-31 12:03:31', '2020-07-04 11:06:43', NULL),
(16, 'Md Nur Nabi', 'nur@gmail.com', '$2y$10$rLA673DYeW3qeRBGMU2GD.3ORHEy4bpEjKKG9CiQ.pTqJBmyZIpMS', '2', 1, '2019-07-31 12:08:00', '2020-06-26 17:36:27', NULL),
(17, 'Md Nur Alam', 'Nur@gmail.com', '$2y$10$974I9Vao4RrUA0eT4eBRBejPnl0o.qL95KyjiszRS4Q5dNG2mBIqu', '2', 1, '2019-07-31 12:09:33', '2019-07-31 12:09:33', NULL),
(18, 'Md Nazim Uddin', 'nazim@gmail.com', '$2y$10$TYVIieEjMrdI7Wd7VQRehOzLkK1BzlrVoOpbEBURyj5n/JwEGWB5S', '2', 1, '2019-07-31 12:12:31', '2019-07-31 12:12:31', NULL),
(19, 'Samsul Alam samim', 'samim@gmail.com', '$2y$10$LCiLCpVUkfdMydgqmJCWEe.dfG3JfoOVIkApNBDMzXrf5DOKFna8C', '2', 1, '2019-07-31 12:14:57', '2019-07-31 12:14:57', NULL),
(20, 'Md Deloar Hossain', 'deloar@gmail.com', '$2y$10$NpYN2ufi0N6mQRyo1MbBO.qTMOuvEdv4O/7jCmbqr4a/aQLfNYWBa', '2', 1, '2019-07-31 12:16:34', '2019-07-31 12:16:34', NULL),
(21, 'Md Juel Rana (Army)', 'juel@gmail.com', '$2y$10$ELmphimK8lN1zfqmRqzwzOAOmexbFlyngZs818TZ22U2WlPX5eNmq', '2', 1, '2019-07-31 12:18:11', '2020-06-28 14:04:46', NULL),
(22, 'Rina Akter Dolly', 'dolly@gmail.com', '$2y$10$F0V6vAOi3QWvmJryUlqRzegHaCw7lm.4tUckxIGWqSqc6kTRKY.VK', '2', 1, '2019-07-31 12:21:34', '2019-07-31 12:21:34', NULL),
(23, 'Mobassarin Akter', 'faria@gmail.com', '$2y$10$kXS.Bt6FJQX1STyLSrY82ObSMZrPrjsnYrsxPEKvI6GygFYI/jfp2', '2', 1, '2019-07-31 12:25:54', '2019-11-14 16:45:49', NULL),
(24, 'Md Miraz Uddin', 'miraz@gmail.com', '$2y$10$NN6/grjucdImVrf3Hs/XbuW5U1Ck2tn3fWCKXHfBwC7AUJhtabPOu', '2', 1, '2019-07-31 12:29:50', '2019-07-31 12:43:25', NULL),
(25, 'Md Ali Azgor', 'farhabi@gmail.com', '$2y$10$X4yr26HdeyVa.j.ijkQ.QO0pckcGxElCoTwWFKr1Nes5go1j6S8oi', '2', 1, '2019-07-31 12:35:21', '2019-07-31 12:47:42', NULL),
(26, 'Md Atikur Rahaman Polash', 'polash@gmail.com', '$2y$10$KP/rnscOqNvFVJ4KfMZTeOJdtd97u6O8jjgafAlkDaJmSO2GrM1ha', '2', 1, '2019-07-31 12:50:38', '2020-07-03 23:57:02', NULL),
(27, 'Abdul Hamid', 'ripon@gmail.com', '$2y$10$9ly3XLqcG17NRZsOGsjhv.dkIw9jtOXShEaA5tV.NHJH1magMKJei', '2', 1, '2019-07-31 12:54:01', '2019-07-31 12:54:01', NULL),
(28, 'Nayan Chandra Nath', 'noyon@gmail.com', '$2y$10$ILZwJQTfEQVgaDml23DLA.1HN7uw3S61AnkoOtaWudDeEfDaJQdFm', '2', 1, '2019-08-03 00:29:54', '2020-06-28 09:01:38', NULL),
(29, 'Md Siraz uddin', 'siraz@gmail.com', '$2y$10$lLwoxPNTSLIbF6z.GcQueubfTPRRLHSlA5xCTvYB4EI.YhE7P0gS6', '2', 1, '2019-08-03 00:36:34', '2019-08-03 00:36:34', NULL),
(30, 'Md Ahsan Ullah', 'ahsan@gmail.com', '$2y$10$Rt.YeCf.Nm55GpFkdAIfdOKp.8aL3uUqN73fKZihw3cOBsJkFQJmC', '2', 1, '2019-08-03 00:41:36', '2019-08-03 00:41:36', NULL),
(31, 'Md Maksudur Rahman', 'maksud@gmail.com', '$2y$10$hmF7U8GUJN5ID/yoPjDpHuKcYAal/GEG1v0gRhyXGLq48LPo5m0v2', '2', 1, '2019-08-03 00:47:44', '2020-07-06 08:21:45', NULL),
(32, 'Md Rashedul Islam', 'rashed@gmail.com', '$2y$10$/05oC7gOJ0yRPWcJmhpuRuyBbzeYo2IXAep7ZWY1ua.jKI4dATykK', '2', 1, '2019-08-03 00:53:00', '2019-08-03 00:53:00', NULL),
(33, 'Md Jasim Uddin', 'josim@gmail.com', '$2y$10$WA73C7ZWmBGLLvdukFukhOXZRo6VVJWDYuC/pT2c3waWx39ymeP/S', '2', 1, '2019-08-03 00:57:56', '2019-10-31 20:37:14', NULL),
(34, 'Md Robel Uddin', 'robel@gmail.com', '$2y$10$Yzrfm2KuCInC7ydgTtD1VuF0zSXc0ahn8qFX/0.Tz8H8tR.0fcweq', '2', 1, '2019-08-03 01:03:32', '2019-08-03 01:03:32', NULL),
(35, 'Md Hasan Mahmud', 'hasan@gmail.com', '$2y$10$U.7i4VcJE1UGZL1WdRC9SOLjhHqFKMMGcSsJ7OQNe3eOskGeVNhS.', '2', 1, '2019-08-03 01:09:14', '2019-08-03 01:09:14', NULL),
(36, 'Md Sarwar Hossain', 'sarwar@gmail.com', '$2y$10$iZQHzenNYzhqRI6Sw9P9IOy.GebsVsCq/v9I2SMGKSVf8/HCWVMXe', '2', 1, '2019-08-03 01:14:28', '2019-08-03 01:14:28', NULL),
(37, 'Md Sakil khan', 'sakil@gmail.com', '$2y$10$ULpqoZlAFbw2BbMlVBCwKuqVnRtkrzFcPjeVVCWu/DzQkL59pXBYK', '2', 1, '2019-08-03 01:19:53', '2020-06-26 18:40:26', NULL),
(38, 'Md Zaker Hossain', 'zaker@gmail.com', '$2y$10$Dxbwgl.0E5wZS0MP/OmT8u/miMgP7WBGAdQABK/WJWE4tqEkvGDbS', '2', 1, '2019-08-03 01:23:47', '2019-08-03 01:23:47', NULL),
(39, 'Md Nurul Alom', 'nurul@gmail.com', '$2y$10$NNaH1EiSR3MnICHMuAn.2uMHpMfgmVXRwSNViUnphwaOn8E0ZwWyC', '2', 1, '2019-08-03 01:28:44', '2019-08-03 01:28:44', NULL),
(40, 'Md Mazbah Uddin', 'mazbah@Gmail.com', '$2y$10$9Ng6N7lbolwA0OfKWWlu4eLqs9gG3CXag1U43t.AjFoQCUwGaI4S2', '2', 1, '2019-08-03 01:31:48', '2019-09-21 22:22:06', NULL),
(41, 'Md Mamunur Rashid', 'mamaun@gmail.com', '$2y$10$qmQLtiF56s3tcSj.vwZC1eo9Dc9kWI4uB5eFyWTyVCnS5DEzgZfAm', '2', 1, '2019-08-03 01:37:18', '2019-08-03 01:37:18', NULL),
(42, 'Md Alauddin', 'alauddin@gmail.com', '$2y$10$wsBUqWBLLm.Lmae8wRCWtuN7CnMAincrQeeYBxPwYB4FK7EEY0VOm', '2', 1, '2019-08-03 01:43:44', '2019-08-03 01:43:44', NULL),
(43, 'Md Arman Hossain', 'arman@gmail.com', '$2y$10$UKamuZe1AykW9CKDCD8JSOsB0ciGC1oGVBPo9aevszd61/tmJzOKG', '2', 1, '2019-08-03 01:47:24', '2019-08-03 01:47:24', NULL),
(44, 'Md Juel Rana (Police)', 'juelrana@gmail.com', '$2y$10$O/5cUVOeDMn8qB4KCSXPKuzAE2ktHdarNkKBjY3AAtfxIJkeDkxkO', '2', 1, '2019-08-03 01:50:53', '2020-06-28 14:52:58', NULL),
(45, 'Sakkhar Saha', 'isakkhar@gmail.com', '$2y$10$Kggp7El36P4trxppczv5ROlA9RJE3mqmCy3f66Q9zILE5Ow2SnDCG', '1', 1, '2019-08-05 20:01:38', '2020-04-02 17:08:09', NULL),
(46, 'Md Nazim Uddin', 'nazim5@gmail.com', '$2y$10$o63Jt4qTnovpGwnevCECxOLf7Q5QdeGrArIdUpbHhxlU3DJl5PbeK', '1', 1, '2019-08-22 13:12:46', '2019-08-22 13:12:46', NULL),
(47, 'Md Abdul Matin', 'matin@gmail.com', '$2y$10$IaLKz.Wfx4HQwPXmAIZfheW7PHTUc2gzrTtgAtTdrfmD2f38knuSK', '2', 1, '2019-09-14 22:36:37', '2019-09-14 22:36:37', NULL),
(48, 'Joshna Begum', 'joshna@gmail.com', '$2y$10$jTgPpw3ggJXFOvfu3y9JReDttJVVh5ymsKyAO3AxVy4wtE3aKf72q', '2', 1, '2019-11-07 18:58:48', '2020-05-26 11:50:50', NULL),
(49, 'Masud ur rahaman', 'masudrahaman4049@gmail.com', '$2y$10$URPFkpspIS9p/azXj/nVe.BOA6piwGVPwSIxW4LycJxGNk4fbNwc.', '2', 1, '2020-03-09 04:19:22', '2020-03-09 04:19:22', NULL),
(255, 'shuvo', 'tahzid@gmail.com', '123456789', '1', 1, NULL, NULL, NULL),
(256, 'tahzd shuvo', 'sr@gmail.com', '$2y$10$J3fjunQ7alaYGzFqYRKTSedJCrgfUWFAHTEu7.WENajQ9hJI843T.', '2', 1, '2020-06-25 10:16:30', '2020-06-25 10:16:30', NULL),
(257, 'Profit', 'meghnads@gmail.com', '$2y$10$yfH89BL8IDRLGPOwmDpIqucbPxdkALL8TMsq6zss45FzvJzJJfqKS', '2', 1, '2020-07-02 07:10:41', '2020-07-02 07:10:41', NULL),
(258, 'Abdul mannan', 'mamannan511@gmail.com', '$2y$10$8BrEd3jXmVMenlebGcgy1.g4Khw0aWpRjgZ4qwxBEy9cLX5pMTKai', '2', 1, '2020-07-05 18:39:13', '2020-07-05 18:39:13', NULL);

--
-- Indexes for dumped tables
--

--
-- Indexes for table `advisors`
--
ALTER TABLE `advisors`
  ADD PRIMARY KEY (`id`);

--
-- Indexes for table `bank_balances`
--
ALTER TABLE `bank_balances`
  ADD PRIMARY KEY (`id`);

--
-- Indexes for table `cash_ins`
--
ALTER TABLE `cash_ins`
  ADD PRIMARY KEY (`id`),
  ADD KEY `cash_ins_member_id_index` (`member_id`);

--
-- Indexes for table `cash_outs`
--
ALTER TABLE `cash_outs`
  ADD PRIMARY KEY (`id`),
  ADD KEY `cash_outs_member_id_index` (`member_id`);

--
-- Indexes for table `directors`
--
ALTER TABLE `directors`
  ADD PRIMARY KEY (`id`);

--
-- Indexes for table `investments`
--
ALTER TABLE `investments`
  ADD PRIMARY KEY (`id`);

--
-- Indexes for table `members`
--
ALTER TABLE `members`
  ADD PRIMARY KEY (`id`),
  ADD KEY `members_user_id_index` (`user_id`);

--
-- Indexes for table `migrations`
--
ALTER TABLE `migrations`
  ADD PRIMARY KEY (`id`);

--
-- Indexes for table `notices`
--
ALTER TABLE `notices`
  ADD PRIMARY KEY (`id`);

--
-- Indexes for table `password_resets`
--
ALTER TABLE `password_resets`
  ADD KEY `password_resets_email_index` (`email`);

--
-- Indexes for table `users`
--
ALTER TABLE `users`
  ADD PRIMARY KEY (`id`);

--
-- AUTO_INCREMENT for dumped tables
--

--
-- AUTO_INCREMENT for table `advisors`
--
ALTER TABLE `advisors`
  MODIFY `id` bigint(20) UNSIGNED NOT NULL AUTO_INCREMENT, AUTO_INCREMENT=4;

--
-- AUTO_INCREMENT for table `bank_balances`
--
ALTER TABLE `bank_balances`
  MODIFY `id` bigint(20) UNSIGNED NOT NULL AUTO_INCREMENT, AUTO_INCREMENT=2;

--
-- AUTO_INCREMENT for table `cash_ins`
--
ALTER TABLE `cash_ins`
  MODIFY `id` bigint(20) UNSIGNED NOT NULL AUTO_INCREMENT, AUTO_INCREMENT=320;

--
-- AUTO_INCREMENT for table `cash_outs`
--
ALTER TABLE `cash_outs`
  MODIFY `id` bigint(20) UNSIGNED NOT NULL AUTO_INCREMENT, AUTO_INCREMENT=12;

--
-- AUTO_INCREMENT for table `directors`
--
ALTER TABLE `directors`
  MODIFY `id` bigint(20) UNSIGNED NOT NULL AUTO_INCREMENT, AUTO_INCREMENT=7;

--
-- AUTO_INCREMENT for table `investments`
--
ALTER TABLE `investments`
  MODIFY `id` bigint(20) UNSIGNED NOT NULL AUTO_INCREMENT, AUTO_INCREMENT=4;

--
-- AUTO_INCREMENT for table `members`
--
ALTER TABLE `members`
  MODIFY `id` bigint(20) UNSIGNED NOT NULL AUTO_INCREMENT, AUTO_INCREMENT=38;

--
-- AUTO_INCREMENT for table `migrations`
--
ALTER TABLE `migrations`
  MODIFY `id` int(10) UNSIGNED NOT NULL AUTO_INCREMENT, AUTO_INCREMENT=20;

--
-- AUTO_INCREMENT for table `notices`
--
ALTER TABLE `notices`
  MODIFY `id` bigint(20) UNSIGNED NOT NULL AUTO_INCREMENT, AUTO_INCREMENT=6;

--
-- AUTO_INCREMENT for table `users`
--
ALTER TABLE `users`
  MODIFY `id` bigint(20) UNSIGNED NOT NULL AUTO_INCREMENT, AUTO_INCREMENT=259;

--
-- Constraints for dumped tables
--

--
-- Constraints for table `cash_ins`
--
ALTER TABLE `cash_ins`
  ADD CONSTRAINT `cash_ins_member_id_foreign` FOREIGN KEY (`member_id`) REFERENCES `members` (`id`) ON DELETE CASCADE;

--
-- Constraints for table `cash_outs`
--
ALTER TABLE `cash_outs`
  ADD CONSTRAINT `cash_outs_member_id_foreign` FOREIGN KEY (`member_id`) REFERENCES `members` (`id`) ON DELETE CASCADE;

--
-- Constraints for table `members`
--
ALTER TABLE `members`
  ADD CONSTRAINT `members_user_id_foreign` FOREIGN KEY (`user_id`) REFERENCES `users` (`id`) ON DELETE CASCADE;
COMMIT;

/*!40101 SET CHARACTER_SET_CLIENT=@OLD_CHARACTER_SET_CLIENT */;
/*!40101 SET CHARACTER_SET_RESULTS=@OLD_CHARACTER_SET_RESULTS */;
/*!40101 SET COLLATION_CONNECTION=@OLD_COLLATION_CONNECTION */;
